Test,Row,Group,User,Question,Response,Comment
01,37,A,683,09,0,El efecto sonoro del TELEFONO no está ubicado donde recomienda la norma
01,104,A,1259,01,0,Para que toda persona pueda entender.
01,150,A,560,01,0,Los subtítulos tienen que ir en el margen inferior y en este vídeo están bailando en distintas posiciones continulamente
01,150,A,560,07,0,los distintos personajes tendrían que diferenciarse por colores
01,180,A,1097,14,0,no se debe separar en dos líneas sílabas de la misma palabra los sintagmas nominales verbales y preposicionales 
01,11,A,868,07,1,"Poner ""Emi"" y ""Ale"" puede llevar a error de identificación o comprensión de los personajes implicados"
01,11,A,868,09,1,Se podría haber descrito mejor el sonido de la llamada del teléfono. 
01,11,A,868,15,1,"El uso de puntos suspensivos puede llevar a errores de comprensión, ya que el matiz de lectura no puede apreciarse"
01,12,A,916,16,1,Ok
01,21,A,802,03,1,Mejor alineado a la izquierda
01,21,A,802,08,1,Mismo de antes y hay una frase en la que no se ve que el autor es Álex y luego sí añade cuando habla Emilio
01,37,A,683,15,1,Hay un uso de puntos suspensivos que marca una pausa que creo que no se debería identificar de ese modo
01,93,A,1020,11,1,Sin comentario.
01,93,A,1020,12,1,Sin comentario.
01,93,A,1020,14,1,Sin comentario.
01,93,A,1020,15,1,Sin comentario.
01,93,A,1020,16,1,Sin comentario.
01,93,A,1020,17,1,Sin comentario.
01,128,A,409,07,1,No sé si se entiende bien que solo se crean las tres primeras letras
01,137,A,496,17,1,Hay que utilizar expresiones correctas y que todo el mundo entienda.
01,138,A,498,15,1,No entiendo bien la inclusión ahí de los puntos suspensivos
01,180,A,1097,08,1,"no es necesario una ocupar una línea para cada personaje, porque podríamos saturar "
01,207,A,1126,09,1,Ok
01,5,A,4,17,2,xxx
01,21,A,802,16,2,No me ha parecido ver números
01,23,A,38,16,2,no salen números
01,68,A,59,15,2,Sólo se usa una vez. Creo recordar que se recomienda no usar
01,68,A,59,16,2,No se da el caso en este video.
01,77,A,73,05,2,correcta
01,77,A,73,11,2,correcto
01,77,A,73,13,2,Pondría otra tipografía adecuada y especializada para lectura en pantalla
01,77,A,73,14,2,ajustado
01,77,A,73,15,2,aporta entonación al texto escrito
01,77,A,73,16,2,nada que comentar
01,93,A,1020,01,2,Sin comentario.
01,93,A,1020,02,2,Sin comentario.
01,93,A,1020,03,2,Sin comentario.
01,93,A,1020,04,2,Sin comentario.
01,93,A,1020,05,2,Sin comentario.
01,93,A,1020,06,2,Sin comentario.
01,93,A,1020,07,2,Sin comentario.
01,93,A,1020,08,2,Sin comentario.
01,93,A,1020,09,2,Sin comentario.
01,93,A,1020,10,2,Sin comentario.
01,93,A,1020,13,2,Sin comentario.
01,98,A,211,09,2,Nada de añadir
01,98,A,211,10,2,Nada de añadir
01,98,A,211,15,2,Nada de añadir
01,98,A,211,16,2,Nada de añadir
01,98,A,211,17,2,Nada de añadir
01,108,A,281,15,2,No lo recuerdo
01,108,A,281,16,2,No lo recuerdo
01,108,A,281,17,2,No he visto
01,113,A,288,17,2,No he visto ninguna
01,118,A,317,10,2,un pelín retrasados
01,124,A,369,16,2,No aparecen números en el video
01,141,A,509,01,2,Deberían estar más abajo de la pantalla
01,142,A,519,15,2,No me he fijado si los tiene
01,170,A,850,07,2,Color para identificar a los distintos personajes
01,170,A,850,08,2,Podría separase
01,170,A,850,09,2,(Suena Teléfono)
01,170,A,850,15,2,No vi ...
01,170,A,850,16,2,No vi números
01,180,A,1097,15,2,Solo se deben de utilizar puntos suspensivos de acuerdo a las normas gramaticales 
01,206,A,1120,01,2,"Daba la sensación de que por fases oscilaban, estando mas arriba en algunos momentos y mas abajo en otros."
01,206,A,1120,03,2,"Daba la sensación de que por fases oscilaban, estando mas arriba en algunos momentos y mas abajo en otros."
01,206,A,1120,05,2,No me he fijado demasiado.
01,206,A,1120,06,2,No me he fijado demasiado.
01,206,A,1120,07,2,No recuerdo si el personaje principal se identifica.
01,206,A,1120,08,2,Nada que añadir.
01,206,A,1120,10,2,Nada que añadir.
01,207,A,1126,08,2,Ok
01,11,A,868,01,3,"Ubicados correctamente en la parte inferior de la pantalla, centrados, no más de dos líneas."
01,11,A,868,02,3,"Entre una y dos líneas, se puede indicar hasta una tercera, pero ya dificulta la lectura y comprensión "
01,11,A,868,06,3,Se podría haber indicado más concretamente el sonido de la llamada de teléfono
01,11,A,868,12,3,"Las líneas de texto no son demasiado extensas, por lo que son comprensibles "
01,12,A,916,12,3,Ok
01,12,A,916,15,3,Ok
01,21,A,802,01,3,En algún momento se sitúan un poco más arriba.
01,21,A,802,07,3,En algún texto no se ve el autor aunque continúe el diálogo iniciado por él
01,21,A,802,09,3,"quizá podría ponerse en lugar de teléfono, sonido de teléfono"
01,21,A,802,11,3,Alguno pasa muy rápidamente
01,37,A,683,01,3,La posición de los subtítulos va variando. Debería estar en la parte inferior de la pantalla
01,37,A,683,07,3,"Si bien los personajes están identificados por su nombre, creo que queda más claro cuando se identifican con colores"
01,68,A,59,17,3,"El protagonista no pronuncia correctamente las ""eses"" finales pero en los subtítulos aparecen correctamente donde deben aparecer"
01,72,A,224,01,3,Los subtítulos podrían mantenerse siempre en la misma ubicación y no desplazarse hacia arriba
01,72,A,224,02,3,"Podría hacerse una mayor división en la cantidad de líneas de texto que aparecen, pero la cantidad es adecuada"
01,72,A,224,08,3,Se identifica con facilidad las intervenciones de cada persona
01,72,A,224,09,3,Se indica el momento en el que un sonido interfiere en el diálogo
01,72,A,224,11,3,La velocidad es adecuada para leer con tranquilidad los diálogos
01,72,A,224,12,3,No hay un número excesivo de caracteres por línea de diálogo
01,72,A,224,13,3,Es una tipografía legible que no dificulta la distinción de las letras
01,72,A,224,14,3,Es correcta la separación aunque podría aumentar el espacio entre líneas para no juntar en exceso cada renglón de la transcripción
01,73,A,867,11,3,"no he contado los caracteres por minuto, pero no me parece difícil de seguir, la norma dicta en casos 12 i en casos 15 caracteres "
01,76,A,428,12,3,Puede que haya muchos caracteres en alguna línea
01,77,A,73,04,3,Quizá el cuerpo del texto debería ser más book y menos bold
01,77,A,73,06,3,Transcribe lo que ocurre de manera bastante ajustada
01,77,A,73,07,3,Nombra a quien aparece en cada momento
01,77,A,73,10,3,bastante ajustado
01,77,A,73,12,3,"correcto, da tiempo a leer"
01,77,A,73,17,3,han de corregirse en la transcripcion
01,84,A,338,01,3,Cambio de posición en varias ocasiones a lo largo del vídeo. 
01,84,A,338,07,3,"Se distingue a los personajes, pero la etiqueta no muestra el nombre completo. "
01,84,A,338,09,3,Existe cierto retraso desde que suena el timbre hasta que ello se indica en los subtítulos.
01,84,A,338,10,3,A excepción del timbre.
01,96,A,196,03,3,JFDKFLDF
01,98,A,211,01,3,Nada de añadir
01,98,A,211,03,3,Nada de añadir
01,98,A,211,04,3,Nada de añadir
01,98,A,211,05,3,Nada de añadir
01,98,A,211,08,3,Nada de añadir
01,98,A,211,11,3,Nada de añadir
01,98,A,211,14,3,Nada de añadir
01,105,A,260,04,3,"Considero que amarillo sobre negro ofrece más contraste y facilidad de lectura, sobre todo cuando hay fondo blanco"
01,105,A,260,06,3,"Cuando es interrumpido por el teléfono, cuando lo oía sin sonido conectado me costó entender que estaba siendo interrumpido. Igual unos puntos suspensivos hubieran ayudado"
01,108,A,281,07,3,Se veía claro que perosnaje era
01,108,A,281,08,3,NO he notado nada
01,108,A,281,09,3,El teléfono me ha chocado
01,108,A,281,10,3,Bien
01,108,A,281,11,3,También correcta
01,116,A,298,01,3,Están situados en la parte interior y centrados 
01,116,A,298,03,3,"Aunque están en la parte inferior de la imagen, yo los habría puesto más hacia abajo"
01,116,A,298,09,3,"Se indica entre paréntesis el sonido del timbre teléfono, con la inicial en mayúsculas"
01,118,A,317,01,3,"Me han parecido correctos, pero no los necesitaba (cascos, ambiente tranquilo, sin problemas de audición)"
01,118,A,317,02,3,al principio estaban demasiado altos ¿no?
01,123,A,362,07,3,"En mayúsculas. El nombre no está completo, pero denota familiaridad"
01,137,A,496,01,3,Al estar en la parte de abajo facilita su lectura y no oculta la imagen que se esta mostrando. 
01,137,A,496,03,3,Por que tiene las dimensiones idóneas para que se pueda leer y ver con claridad lo que esta pasando en el video
01,137,A,496,04,3,Por que facilita su lectura.
01,137,A,496,05,3,"Me parece correcto, ya que yo soy un desastre con la gramática, me gusta ver las palabras escritas correctamente, para seguir mejorando a la hora de escribir. "
01,137,A,496,06,3,Me gusta leer exactamente lo que escucho. 
01,137,A,496,07,3,"Me parece muy bien, por que soy un desastre recordando nombres. "
01,137,A,496,08,3,"Hay que saber en cada momento quien habla, para que el dialogo tenga sentido, sino abecés te puedes confundir sino sabes exactamente quien dice que. "
01,137,A,496,09,3,Para saber que entra en escena un  nuevo personaje. 
01,137,A,496,10,3,"Si no se sincronizan, trabajo dificil de realizar, nos perderíamos en los diálogos, y confundiríamos lo que dice uno con lo que a dicho el otro. "
01,137,A,496,11,3,Da  tiempo a leerla.
01,137,A,496,12,3,Para mi esta bien. 
01,137,A,496,13,3,La tipografía deja leer claramente los subtítulos. 
01,137,A,496,15,3,Bien a si nos indica que el video continuara 
01,137,A,496,16,3,"No tengo ningún problema a demás algunos lectores de texto, no leen bien los números. "
01,138,A,498,02,3,Aunque al ser un texto corto se podría poner en una sola línea
01,138,A,498,10,3,Me a parecido no sincronizado el momento del diálogo 
01,138,A,498,11,3,La parte del diálogo me ha parecido algo rápida
01,146,A,536,02,3,1 o 2 líneas como máximo es lo correcto.
01,147,A,537,01,3,esta bien centrado
01,148,A,538,01,3,"Es adecuada según a lo que hemos ido aprendiendo. En algunos casos aparecen en la misma posición, es decir va moviéndose y no es muy adecuado."
01,148,A,538,02,3,"Es adecuada, los subtítulos van escritas en 2/3 líneas máximo y se cumple el requisito. Excepto en uno de los casos que en mi opinión, corta la frase al ponerla en 2 líneas y no en tres que es el máximo."
01,148,A,538,03,3,Facilidad a la hora de leerlos.
01,148,A,538,04,3,El contraste es el adecuado fondo negro y letras blancas.
01,148,A,538,05,3,De acuerdo
01,148,A,538,06,3,Se escribe tanto lo que  dice el locutor como los sonidos del audio y las voces habladas que se escuchan.
01,148,A,538,07,3,Están bien identificados
01,148,A,538,08,3,Van en orden de aparición
01,148,A,538,09,3,Se escribe entre paréntesis para indicarlo y es la forma adecuada.
01,148,A,538,10,3,De acuerdo; creo que sí que están sincronizadas a lo que ocurre y dice el presentador
01,148,A,538,11,3,Es correcta
01,148,A,538,13,3,Se lee correctamente
01,148,A,538,15,3,No se usa y no sería adecuado.
01,156,A,624,01,3,"Están centrados en la parte inferior, se dan anteriormente a que se hable y contrastan con el fondo"
01,156,A,624,02,3,La cantidad de líneas no excede en 2 y es cómodo y rápido de leer
01,180,A,1097,02,3,los subtítulos deben ocupar dos líneas y excepcionalmente tres 
01,180,A,1097,03,3,el texto debe de estar centrado respecto a la caja donde se muestran los subtitulos 
01,180,A,1097,16,3,"se deben escribir con letras los números naturales de cero a diez ambos inclusive excepto cuando vayan acompañados de abreviaturas, signos y símbolos. "
01,180,A,1097,17,3,se deben corregir las incorrecciones del habla 
01,186,A,1189,01,3,en ocasiones es muy útil poder cambiar el subtitulado a otra posición.
01,186,A,1189,07,3,"los personajes están identificados pero prefiero la identificación con colores, las siglas pueden confundir en primera instancia"
01,203,A,1117,17,3,me parece correcto
01,206,A,1120,02,3,"Dos, tres líneas parece un número adecuado."
01,206,A,1120,04,3,"Optimo, blanco sobre oscuro."
01,206,A,1120,09,3,Nada que añadir.
01,206,A,1120,11,3,"En líneas generales, correcta."
01,206,A,1120,12,3,Adecuado.
01,206,A,1120,13,3,Correcta.
01,206,A,1120,14,3,Suficiente.
01,207,A,1126,05,3,Ok
01,207,A,1126,07,3,Ok
01,207,A,1126,12,3,Ok
01,207,A,1126,15,3,Ok
01,207,A,1126,16,3,Ok
01,207,A,1126,17,3,Ok
01,212,A,1153,07,3,lo de usar apodos para los nombres no me ha gustado mucho
01,12,A,916,01,4,Ok
01,12,A,916,02,4,Ok
01,12,A,916,03,4,Ok
01,12,A,916,04,4,Ok
01,12,A,916,05,4,Ok
01,12,A,916,06,4,Ok
01,12,A,916,07,4,Ok
01,12,A,916,08,4,Ok
01,12,A,916,09,4,Ok
01,12,A,916,10,4,Ok
01,12,A,916,11,4,Ok
01,12,A,916,13,4,Ok
01,12,A,916,14,4,Ok
01,12,A,916,17,4,Ok
01,21,A,802,02,4,No sobrepasan dos líneas
01,21,A,802,04,4,buen contraste
01,21,A,802,13,4,"Bien, sin serifa."
01,23,A,38,01,4,"Están centrados, son de dos líneas, contraste adecuado de color de la letra, incluye la interrupción del teléfono y el nombre de quien llama..."
01,23,A,38,02,4,muy adecuado al no superar las 2 líneas
01,23,A,38,03,4,"centrada, no obstaculiza la visión"
01,23,A,38,04,4,contraste de caja negra con letras blancas facilita la lectura
01,23,A,38,05,4,todo correcto
01,23,A,38,07,4,"cuando llama ""Emi"" por teléfono"
01,23,A,38,08,4,la intervencón de cada persona se recoge en una línea distinta para facilitar la comprensión
01,23,A,38,09,4,entre paréntesis cuando suena el teléfono
01,23,A,38,10,4,bien sincronizado
01,23,A,38,15,4,al dejar abierta la enumeración de personas que hacen uso de los subtítulos
01,37,A,683,02,4,"El subtitulado debe ocupar dos líneas y, excepcionalmente, 3"
01,68,A,59,01,4,Están en la parte inferior de la pantalla
01,68,A,59,02,4,Ocupan 2 líneas como máximo
01,68,A,59,03,4,Están centrados dentro de la caja
01,68,A,59,04,4,Es correcto: letra blanca sobre fondo negro.
01,68,A,59,05,4,Es correcta
01,68,A,59,06,4,Es exacta
01,68,A,59,08,4,Se respeta. Cada personaje en una línea distinta
01,68,A,59,09,4,Se aplica cuando suena el teléfono
01,72,A,224,03,4,El texto estaba centrado en el recuadro
01,72,A,224,04,4,Los colores del texto y el fondo permiten que sea fácilmente legible
01,72,A,224,05,4,No se encontraban faltas graves de ortografía
01,72,A,224,06,4,Se transcriben de manera exacta las voces y sonidos del vídeo
01,72,A,224,07,4,Los nombres de las personas quedan reflejadas en los diálogos
01,72,A,224,10,4,Se realiza una transcripción a tiempo real
01,72,A,224,15,4,Los puntos suspensivos ayudan a facilitar el contexto o entonación en el que se realizan las intervenciones
01,73,A,867,01,4,Están situados en la parte inferior y centrados como especifica la norma.
01,73,A,867,02,4,"consiste un una o dos líneas de subtitulos, siendo el máximo 3 según la norma"
01,73,A,867,04,4,El subtitulo está encapculado en un fondo oscuro que resalta su contraste
01,73,A,867,05,4,Es un suntitulo escrito correctamenmte
01,73,A,867,07,4,"Cuando es necesario, diálogos, se identifica a cada personaje que participa."
01,73,A,867,09,4,identificados en mayúsculas y entre paréntesis
01,73,A,867,10,4,se adaptan ala voz del personaje
01,73,A,867,12,4,la norma dicta 37 caracteres por línia
01,76,A,428,01,4,"La posición es correcta, centrada"
01,76,A,428,02,4,"Dos líneas, debe de haber tres máximo"
01,77,A,73,01,4,"texto contrastada, buen tamaño de letra, transcipción de lo que sucede"
01,77,A,73,02,4,más de dos lineas puede hacerse excesivo
01,77,A,73,03,4,centrado y con espacios a los lados para poder centrar la atención y la lecturabilidad mejore
01,77,A,73,08,4,Necesario para la comprension de quien gabla y aparece de un modo u otro en el video
01,77,A,73,09,4,nombran el uso del telefono
01,84,A,338,02,4,Máximo de dos líneas.
01,84,A,338,03,4,Texto centrado.
01,84,A,338,04,4,Elevado contraste.
01,84,A,338,08,4,Las intervenciones de cada personaje se muestran en líneas independientes.
01,84,A,338,17,4,"Más que incorrecciones, se trata del marcado acento de la persona que aparece en el vídeo. "
01,85,A,35,01,4,que siempre se tengan subtítulos ayudan a todos
01,85,A,35,02,4,sino sería mucha información
01,85,A,35,04,4,Sino no se ven bien
01,85,A,35,05,4,Una mala ortografía lo empeora todo
01,85,A,35,06,4,Para tener información fidedigna
01,85,A,35,07,4,Se requiere para saber quien esta hablando
01,85,A,35,08,4,Es más visual
01,85,A,35,09,4,Las personas sordas requieren de informarse que esta pasando
01,85,A,35,11,4,La velocidad es importante sino nos perdemos de información
01,87,A,76,01,4,Se encuentra en el encuadre correcto
01,98,A,211,02,4,Nada de añadir
01,98,A,211,06,4,Nada de añadir
01,98,A,211,07,4,Nada de añadir
01,98,A,211,12,4,Nada de añadir
01,98,A,211,13,4,Nada de añadir
01,108,A,281,01,4,Me han parecido perfectamente posicionados
01,108,A,281,02,4,No superaba las dos (creo recordar)
01,108,A,281,03,4,Perfecto
01,108,A,281,04,4,Ayudaba mucho el cajetín sombreado
01,108,A,281,05,4,No he notado nada raro
01,108,A,281,06,4,Perfecto
01,108,A,281,12,4,Me ha resultado cómodo de seguir
01,108,A,281,13,4,Muy claro
01,108,A,281,14,4,Bien
01,114,A,291,01,4,Es  una ayuda más.
01,114,A,291,03,4,Siempre centrado.
01,114,A,291,04,4,Tiene que ser todo legible
01,114,A,291,05,4,Evita errores
01,114,A,291,07,4,Poder llevar un orden y saber quien es quien
01,114,A,291,08,4,Saber quien participa o habla en el momento.
01,116,A,298,02,4,"No superan las 2 líneas o 3 a lo sumo, que se recomiendan"
01,116,A,298,04,4,Se leen los subtítulos con facilidad
01,116,A,298,07,4,Se identifica a cada uno de los intervinientes con sus nombres en mayúsculas
01,116,A,298,10,4,están sincronizadas con el sonido
01,123,A,362,02,4,La generalidad ha sido de dos líneas de subtítulo.
01,123,A,362,03,4,Centrado. Bien
01,123,A,362,04,4,Blanco sobre negro. Buen contraste
01,123,A,362,09,4,Entre paréntesis. Bien
01,124,A,369,01,4,Están centrados y en la parte inferior
01,124,A,369,02,4,se utilizan dos lineas como máximo
01,124,A,369,06,4,"los subtítulos recogen todo lo que se dice y además cuando suena el teléfono, por ejemplo"
01,124,A,369,07,4,Se utiliza el nombre en mayúsculas y entre paréntesis
01,124,A,369,08,4,Cada personaje utiliza una linea diferente
01,125,A,380,01,4,"Conjugar entre la letra suficientemente legible y que ésta no entorpezca la imagen es, a veces, difícil. Hay que practicar"
01,137,A,496,02,4,Permite leer de una forma cómoda el texto y no invade mucho la imagen que se proyecta. 
01,138,A,498,03,4,Se encuentra centrado
01,138,A,498,04,4,"Buen contraste entre negro y blanco, teniendo en cuenta el fondo del vídeo"
01,142,A,519,01,4,El texto está centrado en la parte inferior
01,142,A,519,02,4,esta en 2 líneas
01,142,A,519,03,4,el texto está centrado
01,142,A,519,04,4,el fondo es negro y las letras blancas
01,142,A,519,05,4,es correcto ortográfica y gramaticalmente
01,142,A,519,06,4,está bien
01,142,A,519,07,4,Se entiende muy bien cuando habla un personaje u otro
01,142,A,519,08,4,está separado por guiones
01,142,A,519,09,4,está entre paréntesis
01,142,A,519,10,4,van en los huecos sonoros del vídeo
01,142,A,519,11,4,Da tiempo a leerlos
01,142,A,519,12,4,No sobrepasa los 40 caracteres
01,142,A,519,13,4,La tipografía es adecuada
01,142,A,519,14,4,No parte palabras y frases en cada línea
01,142,A,519,16,4,Los números menores de 10 van escritos con letra
01,144,A,523,01,4,Está situado en el centro de la imagen 
01,144,A,523,02,4,No deben ponerse más de dos líneas
01,144,A,523,03,4,Centrado
01,144,A,523,04,4,Son blancos y destacan sobre el fondo
01,144,A,523,05,4,Se han seguido las reglas ortográficas
01,144,A,523,06,4,Reproducía la conversación literalmente
01,144,A,523,07,4,En paréntesis se identificaba a las dos personas (EMI) y (ALE)
01,144,A,523,09,4,Identifica la llamada telefónica.
01,144,A,523,10,4,correctos
01,144,A,523,11,4,Mantienen la velocidad de lectura y la sincronía con el audio
01,144,A,523,13,4,El tamaño y la letra eran correctos
01,144,A,523,14,4,No se realiza ninguna separación
01,144,A,523,15,4,Se utilizan para marcar una pausa...
01,146,A,536,01,4,"La posición, abajo y centrada es la correcta."
01,146,A,536,04,4,Fondo negro y letras blancas pienso que es lo adecuado.
01,146,A,536,07,4,describe los nombres de los personajes.
01,147,A,537,02,4,limidads a 2-3
01,170,A,850,01,4,centrados
01,170,A,850,02,4,2 o 3 líneas máximo
01,170,A,850,03,4,centrados
01,170,A,850,04,4,texto blanco
01,170,A,850,05,4,Sin faltas ortográficas
01,180,A,1097,01,4,"conforme a la normativa europea une 153010 2012, es de obligado cumplimiento "
01,180,A,1097,04,4,se tiene que tener un contraste suficiente 
01,180,A,1097,05,4,los subtítulos deben de estar correctos ortográfica y gramaticalmente 
01,180,A,1097,06,4,los subtítulos tienen que ser literales 
01,180,A,1097,07,4,"deben de estar identificados los personajes, mediante colores, su nombre entre paréntesis y en mayúsculas "
01,180,A,1097,09,4,"se debe identificar música, autor, titulo de la canción, ruidos de fondo, sonidos de animales, cosas. "
01,180,A,1097,10,4,"la entrada y salida de  los subtítulos deben de coincidir con el movimiento labial, con la locución y con la información sonora "
01,180,A,1097,11,4,"debe permitir leerlo sin dificultad, velocidad máxima es de 12 caracteres por segundo "
01,180,A,1097,12,4,es de 37 
01,180,A,1097,13,4,la elección de tipografía corresponde a lo criterios de máxima legalidad 
01,183,A,977,01,4,Se encontraba centrado en la parte inferior del video
01,183,A,977,02,4,tenia doble linea 
01,183,A,977,04,4,poseia un muy buen contraste (fondo negro y letras blancas)
01,183,A,977,06,4,Expresaba todos los elementos propios del video
01,183,A,977,10,4,aparecía en la medida que los protagonistas habalaban
01,183,A,977,13,4,era de facil lectura
01,186,A,1189,02,4,dos líneas como máximo para dar tiempo a leerlas
01,186,A,1189,03,4,la posición permite distinguir el texto claramente
01,186,A,1189,04,4,máximo contraste para leer sin problemas
01,186,A,1189,05,4,la corrección gramatical evita confusiones
01,186,A,1189,06,4,"los subtítulos no deben inventarse, sino ser fieles a lo que ocurre en el video"
01,186,A,1189,08,4,bien
01,186,A,1189,09,4,sin los sonidos relevantes no se entendería la acción del video
01,186,A,1189,10,4,"bien, están en tiempo"
01,186,A,1189,11,4,da tiempo a leer
01,186,A,1189,12,4,"igual que el número de líneas, permite leerlo todo"
01,186,A,1189,13,4,es una tipografía clara y distinguible
01,186,A,1189,14,4,es correcta
01,186,A,1189,15,4,ayudan a seguir el diálogo
01,186,A,1189,16,4,es correcto
01,186,A,1189,17,4,se debe ser fiel al diálogo
01,187,A,1011,17,4,Todo correcto
01,207,A,1126,01,4,Ok
01,207,A,1126,02,4,Ok
01,207,A,1126,03,4,Ok
01,207,A,1126,04,4,Ok
01,207,A,1126,06,4,Ok
01,207,A,1126,10,4,Ok
01,207,A,1126,11,4,Ok
01,207,A,1126,13,4,Ok
01,207,A,1126,14,4,Ok
01,212,A,1153,01,4,están bien visibles
01,212,A,1153,02,4,son poquitas
01,212,A,1153,03,4,bien acotado
01,212,A,1153,04,4,se diferencia claramente el texto
01,212,A,1153,05,4,correcta
01,212,A,1153,06,4,es una representación visual que transmite lo mismo que el vídeo
01,212,A,1153,08,4,bien asignadas
01,212,A,1153,09,4,son descritos tal cual
01,212,A,1153,10,4,correcto
01,212,A,1153,11,4,da tiempo a leer
01,212,A,1153,12,4,no hay demasiados
01,212,A,1153,13,4,muy legible
01,84,A,338,16,5,No aplica.
01,97,A,788,17,5,no.
01,105,A,260,16,5,"Que yo recuerde, no se han mencionado números"
01,144,A,523,16,5,No aparecen
01,144,A,523,17,5,No hay incorrecciones
01,206,A,1120,15,5,Nada que añadir.
01,206,A,1120,16,5,Nada que añadir.
01,206,A,1120,17,5,Nada que añadir.
01,212,A,1153,14,5,no me he fijado
01,212,A,1153,15,5,no me he fijado
01,212,A,1153,16,5,no me he fijado
01,212,A,1153,17,5,no entiendo a qué se refiere este apartado
01,17,B,411,07,0,"Aúnque aparecen los nombres de los personajes entre paréntesis, es confuso, porque las intervenciones de ambos a veces aparecen en la misma línea."
01,17,B,411,09,0,No describe el ring del teléfono.
01,24,B,645,05,0,"Hay faltas de ortografía, separación de palabras..."
01,24,B,645,07,0,Mejor con colores
01,24,B,645,08,0,Deberían aparecer en líneas separadas
01,24,B,645,09,0,No se indica que suena el teléfono
01,24,B,645,14,0,Se separan sintagmas
01,29,B,622,09,0,No he visto la descripción del sonido telefónico 
01,43,B,1037,01,0,Van cambiando de posición. Deberían mantenerse en la misma posición (centrados en la parte inferior de la pantalla) durante todo el video.
01,43,B,1037,02,0,Ocupan más de dos líneas a veces de manera innecesaria. En ocasiones el contenido cabría en una línea y se divide en dos.
01,43,B,1037,05,0,"Hay faltas de ortografía (""ban""), faltan signos de puntuación, etc. Se parten palabras em dos líneas."
01,43,B,1037,08,0,En algún punto del video no cambia la línea cuando cambia de participante.
01,43,B,1037,09,0,"No se describe el efecto sonoro del teléfono. Debería aparecer ""(Suena el teléfono)""."
01,43,B,1037,14,0,No se cumple esta condición. Se separan palabras con unas sílabas en una línea y otras en la siguiente.
01,47,B,33,09,0,no hay
01,52,B,1018,07,0,No se identifica.
01,52,B,1018,09,0,Mal.
01,80,B,371,05,0,Por las faltas de ortografía que contiene.
01,80,B,371,14,0,"Separa sílabas, corta palabras..."
01,89,B,112,01,0,están encuadrados en la parte inferior de la imagen pero cambian de lugar
01,89,B,112,05,0,hay varias faltas de ortografía y reglas gramaticales
01,89,B,112,08,0,no están en líneas separadas
01,89,B,112,09,0,no se describe el timbre del teléfono ni al colgar el telefono
01,89,B,112,14,0,no deberían separarse y de ser así habrían de hacerse de manera correcta
01,99,B,212,01,0,Se presentaba en diferentes posiciones
01,99,B,212,02,0,Como máximo utilizaría 2 como mucho 3
01,99,B,212,03,0,Le daría algo más de espacio
01,99,B,212,05,0,Contenía faltas ortográficas
01,99,B,212,06,0,No era entendible
01,99,B,212,07,0,Aparecían con diminutivos
01,99,B,212,08,0,Deberían aparecer en diferentes líneas
01,99,B,212,09,0,No se describían
01,99,B,212,10,0,Estaban desincronizadas
01,99,B,212,11,0,Demasiado rápidos
01,99,B,212,12,0,Creo que se podían añadir más caracteres por línea
01,99,B,212,14,0,Se cortaban las frases y palabras
01,99,B,212,15,0,No se hacen uso
01,99,B,212,16,0,No se muestran
01,99,B,212,17,0,No se hacen
01,102,B,231,09,0,no se hace
01,112,B,287,09,0,No ha aparecido la onomatopeya del teléfono por ningún lugar.
01,131,B,440,07,0,Hay momentos en que no se identifica al personaje
01,131,B,440,09,0,No se informa de la llamada de teléfono
01,145,B,535,01,0,No ocupan siempre el mismo lugar en el centro inferior sino que en algunas escenas están mas arriba que en otras
01,149,B,559,03,0,SERÍA MEJOR JUSTIFICADO A LA IZQUIERDA
01,149,B,559,09,0,NO SE HA SUBTITULADO EL EFECTO SONORO DEL TIMBRE DEL TELÉFONO
01,164,B,749,09,0,No hay descripción de elementos sonoros cuando suena el teléfono 
01,169,B,819,04,0,El fondo de los subtítulos es negro; el fondo tiene muchos elementos oscuros
01,169,B,819,13,0,Sería necesaria una mayor distancia entre letras
01,169,B,819,15,0,Con esos puntos parece que no se termina de transcribir la frase
01,172,B,871,09,0,no aparece
01,179,B,941,01,0,Buenas ! dame un cuatro de esto
01,179,B,941,07,0,Buenas ! dame un cuatro de esto
01,179,B,941,13,0,Buenas ! dame un cuatro de esto
01,184,B,986,03,0,las líneas se han ido moviendo en el espacio obligando a seguirlas además de leer...
01,184,B,986,05,0,"palabras que se cortan, falta de comas..."
01,184,B,986,09,0,no sabemos que ha sonado el teléfono
01,185,B,1002,05,0,Existen varias faltas de ortografía
01,185,B,1002,09,0,No se transcribe el timbre del teléfono
01,185,B,1002,14,0,No están correctamente transcritos
01,215,B,1174,05,0,Muchas faltas de ortografía
01,215,B,1174,06,0,En algun momento escribe tal qual suena la frase ocasionando muchas faltas de ortografía
01,215,B,1174,09,0,No hay descripción de los efectos sonoros
01,217,B,1184,09,0,No incluye el sonido del teléfono al recibir la llamada
01,219,B,1187,05,0,Claras faltas de ortografia
01,10,B,1034,10,1,No facilita y estorba
01,14,B,650,11,1,Deberían ser algo más lentos
01,17,B,411,01,1,"Aún estando en la parte inferior de la pantalla, la posición de las frases cambia, sobre todo en el comienzo del vídeo. Y esto dificulta centrar la mirada siempre en el mismo lugar."
01,17,B,411,05,1,"Hay alguna falta ortográfica, faltan comas y puntos, sobran los puntos suspensivos, se parte una palabra."
01,17,B,411,15,1,Donde aparecen no están justificados. Valdría con poner etc o directamente un punto.
01,24,B,645,12,1,En alguna ocasión se superan los 37 caracteres
01,26,B,803,01,1,No cumple los requisitos que deben satisfacer la inclusión de subtítulos
01,27,B,728,02,1,Hay algunos subtítulos que aparecen en tres lineas cuando podían reflejarse en dos.
01,27,B,728,03,1,Había frases que quedaban cortadas por el tamaño de la caja.
01,27,B,728,04,1,"Creo que sería mejor utilizar texto en amarillo y fondo negro, en lugar de la pareja blanco-negro utilizada en el vídeo."
01,27,B,728,05,1,Había faltas de ortografía.
01,27,B,728,06,1,Hay partes de la conversación telefónica que no se reflejan correctamente.
01,27,B,728,07,1,En la conversación telefónica hay parte donde no se refleja quién está hablando.
01,27,B,728,08,1,No se ha hecho de forma correcta.
01,27,B,728,09,1,No se ha indicado que sonaba el teléfono.
01,27,B,728,10,1,Podría mejorarse en algunas partes.
01,29,B,622,02,1,En algunas ocasiones había 3 líneas cuando no era necesario
01,29,B,622,07,1,Me ha resultado difícil 
01,43,B,1037,06,1,"No es exacta. No coincide el audio (""Voy luego"") con el subtítulo (""Luego voy"")"
01,43,B,1037,07,1,Falta identificación del personaje en alguna frase.
01,47,B,33,05,1,cortan palabras 
01,47,B,33,07,1,"Deberían separar en líneas diferentes lo que habla cada personaje, además en la primera intervención si que pone el nombre del personaje que está en el teléfono pero luego ya no dicen quién está hablando"
01,48,B,264,05,1,Hay faltas de ortografía
01,48,B,264,09,1,No se hace mención a que suena un teléfono
01,48,B,264,14,1,se separan silabas de una palabra y algunos sintagmas
01,52,B,1018,02,1,Máximo dos.
01,52,B,1018,03,1,Un poco alto.
01,52,B,1018,05,1,Mal.
01,52,B,1018,06,1,Falta literalidad.
01,52,B,1018,08,1,No distingue.
01,52,B,1018,14,1,Mal.
01,52,B,1018,15,1,Mal.
01,53,B,229,01,1,Los subtítulos deben aparecer en la parte inferior de la pantalla y en algunas partes del video esto no se respeta.
01,53,B,229,05,1,"Se encuentran errores ortográficos como en ""Este ejemplo nos ba a servir ....."
01,53,B,229,06,1,"No existe completa literalidad en los subtítulos, como por ejemplo, cuando dice ""de acuerdo"" y lo transcribe como ""Ok"""
01,53,B,229,08,1,"En los diálogos, para cada participante debe comenzarse una nueva línea y eso no ocurre en algunas partes del video."
01,53,B,229,09,1,"Deben describirse los efectos sonoros , algo que no ocurre cuando suena el teléfono."
01,53,B,229,10,1,"Hay desincronización respecto de lo que habla. ""Muchos ejemplos que harán..."""
01,53,B,229,11,1,Creo que va un poco rápido. La velocidad máxima recomendada es de 12 caracteres por segundo.
01,53,B,229,12,1,El máximo número de caracteres por línea es 37 y en algunas líneas lo supera.
01,53,B,229,14,1,"No se deben separar en dos líneas: sílabas de la misma palabra, como hace en el subtitulado "" para hacer una prácti -  ca de subtitulado"""
01,59,B,1118,05,1,"Hay ciertas faltas de ortografía, palabras cortadas, etc."
01,59,B,1118,06,1,"Hay algún error de literalidad. Por ejemplo, el OK del final. "
01,59,B,1118,07,1,En algún momento se deja de identificar. 
01,59,B,1118,09,1,El teléfono no se describe. 
01,59,B,1118,10,1,la sincronización no es homogénea en todo el vídeo. 
01,70,B,15,05,1,Hay faltas de ortografía
01,70,B,15,06,1,No todo el texto es literal.
01,70,B,15,07,1,No está bien señalado
01,70,B,15,08,1,-no muy bien descrito
01,70,B,15,09,1,No está descrito en el texto.
01,70,B,15,12,1,pienso que hay pocos caracteres por línea.
01,70,B,15,14,1,Pienso que deberían ir en la misma línea.
01,80,B,371,01,1,La posición en la altura varía y en ocasiones están pegados a la parte de abajo de la imagen
01,80,B,371,03,1,Varía constantemente
01,80,B,371,04,1,Poco contraste con el fondo de la imagen
01,80,B,371,07,1,No se entiende bien quién  dice qué.
01,80,B,371,08,1,Escribe sin separar lo que dice cada uno
01,80,B,371,09,1,"No subtitula la llamada de teléfono , ni los ruidos"
01,80,B,371,12,1,Varía constantemnete
01,89,B,112,02,1,"en algún caso había tres líneas, de manera innecesaria"
01,89,B,112,03,1,"el texto sobresale de la caja en algún caso, igual debido al tamaño de la fuente que tengo configurado"
01,89,B,112,06,1,"falla la transcripción literal de ""de acuerdo"" sustituida por ""ok"""
01,89,B,112,07,1,debería ser el nombre completo o cambiar el color del texto
01,100,B,220,06,1,no aparece escrito lo que se dice
01,102,B,231,07,1,en la despedido no se identifica a la persona que llama
01,112,B,287,05,1,"Había algunos errores como ""ba"" en lugar de ""va"" o la ausencia de comas. "
01,112,B,287,06,1,"Se han escrito cosas en los subtítulos que no se han hablado, como el ""¿Ok?""."
01,112,B,287,08,1,No se han diferenciado las intervenciones ni con guiones ni con diferentes colores.
01,120,B,320,02,1,al cortar palabras se saltaba a la segunda linea
01,120,B,320,05,1,"palabras separadas, mal"
01,120,B,320,06,1,"faltan detalles, como el sonido del telefono"
01,120,B,320,07,1,Se destaca cada personaje pero debería ser en distinta linea y con el nombre completo
01,120,B,320,08,1,texto en la misma linea...
01,120,B,320,09,1,no suena el telefono
01,120,B,320,12,1,Algunos muy largos y otros muy cortos
01,120,B,320,14,1,se cortan palabras y otros sintagmas
01,127,B,1213,05,1,Había una b En vez de una v
01,143,B,520,05,1,hay alguna falta 
01,145,B,535,02,1,"En ocasiones son tres o cuatro líneas, demasiadas"
01,145,B,535,05,1,Hay faltas de ortografía y frases cortadas
01,145,B,535,06,1,"Se transcribe ""OK"" por ""de acuerdo"""
01,145,B,535,08,1,No inicia cada personaje una linea de texto
01,145,B,535,09,1,"No describe sonidos de interés para comprender la escena, como el timbre del teléfono"
01,145,B,535,10,1,En alguna escena el subtítulo se retrasa respecto al vídeo
01,145,B,535,12,1,Hay lineas demasiado largas
01,145,B,535,14,1,Frases partidas en escenas distintas
01,149,B,559,01,1,ALGUNOS DE LOS SUBTÍTULOS DEBERÍAN SITUARSE MÁS ABAJO
01,149,B,559,05,1,HAY ERRORES ORTOGRÁFICOS AL PRINCIPIO DEL VIDEO
01,149,B,559,06,1,NO SE TRANSCRIBE LITERAL (EL OK EN LUGAR DE DE ACUERDO...)
01,149,B,559,07,1,EN LO ÚLTIMO QUE DICE EMILIO NO SE LE HA IDENTIFICADO
01,154,B,575,07,1,"En LOS MOMENTO SFINALES FALTA POR IDENFIFICAR A LOS PERSONAJES, PERO SE SIGUE BIEN"
01,164,B,749,05,1,"Han puesto “va”, del verbo ir, con B"
01,164,B,749,06,1,"En vez de escribir en los subtítulos “de acuerdo”, tan y como dice la persona que habla, han puesto OK"
01,164,B,749,08,1,No se asignan líneas distintas a cada personaje
01,164,B,749,10,1,No aparece el subtitulado al mismo tiempo que empieza a hablar la persona que aparece en el vídeo 
01,165,B,765,11,1,Van muy rapidos
01,165,B,765,16,1,los números deben ser escritos en cifras
01,169,B,819,01,1,"Al principio no se ve completo; el contraste con la imagen no es muy bueno, pues tiene un fondo oscuro"
01,169,B,819,05,1,"Hay una falta de ortografía al inicio ""bais"" en lugar de ""vais"""
01,169,B,819,06,1,"Se dice ""De acuerdo"" y se transcribe ""OK"". "
01,169,B,819,07,1,No se identifica a quien llama si no es porque alude el primer interlocutor
01,169,B,819,08,1,No se diferencia que hay 2 personas en el vídeo hablando
01,169,B,819,09,1,No se identifica la llamada de teléfono
01,169,B,819,10,1,No hay una total sincronizacón
01,169,B,819,12,1,Se extiende en algunas líneas demasiado
01,169,B,819,14,1,Se podría mejorar con signos de redacción
01,172,B,871,07,1,no se identifican bien
01,179,B,941,02,1,Buenas ! dame un cuatro de esto
01,179,B,941,08,1,Buenas ! dame un cuatro de esto
01,179,B,941,14,1,Buenas ! dame un cuatro de esto
01,184,B,986,06,1,ok y de acuerdo no son lo mismo y se nota que no va con la lectura labial...
01,184,B,986,07,1,Aunque en un inicio sí se hace después no se sigue cumpliendo...
01,184,B,986,08,1,El último texto se mezclan ambos personajes
01,184,B,986,11,1,"Al no cumplir con el cuenteo, algunos subtitulos quedaban cortos y otros muy largos..."
01,184,B,986,12,1,No sé cumple en todos
01,184,B,986,14,1,se parten de manera indiferente sin tenerlo en cuenta
01,185,B,1002,01,1,"Deben estar en la parte inferior, centrados, en este video van cambiando de posición y, a veces, opino que están colocados demasiado abajo"
01,185,B,1002,02,1,"Deben estar en dos líneas, y en casos excepcionales en tres, no encuentro justificación para que aparezca alguno en tres líneas en este caso."
01,185,B,1002,03,1,Los caracteres no se veían centrados ni la separación de las palabras era adecuada a las líneas
01,185,B,1002,07,1,"Vienen indicados entre paréntesis en mayúsculas, pero no en todos los casos"
01,185,B,1002,08,1,En la última intervención ni siquiera se le asigna
01,185,B,1002,10,1,"sustituye un ""de acuerdo"" por un ""ok"""
01,185,B,1002,12,1,a veces sobrepasa los 37 carácteres
01,193,B,1040,07,1,Usa abreviaturas para los nombres y se podría utilizar diferentes colores para cada uno.
01,193,B,1040,09,1,No se identifica el tono del teléfono
01,215,B,1174,01,1,La posición varia mucho durante el vídeo
01,215,B,1174,08,1,Faltaría diferenciar un poco más cuando habla cada uno y no meterlo en la misma línea.
01,217,B,1184,06,1,"no es completamente literal, en una frase el interlocutor pregunta ¿de acuerdo? y en los subtítulos se escribe ""ok"""
01,217,B,1184,08,1,"Mezcla a ambos personajes en la misma línea al principio de la llamada y en los diálogos, para cada participante debe comenzarse una nueva línea."
01,217,B,1184,14,1,separa una palabra en dos líneas
01,219,B,1187,02,1,En algunos momentos habían hasta 4 líneas
01,10,B,1034,02,2,Para dotar a la imagen de la fuerza y no todo sea texto
01,10,B,1034,03,2,Para facilitar la visualización de las escenas
01,10,B,1034,09,2,No sabría
01,10,B,1034,12,2,No aglutinar la pantalla
01,14,B,650,14,2,No entiendo la pregunta
01,17,B,411,10,2,Aunque al menos en dos frases se anticipa o entra más tarde.
01,17,B,411,16,2,No aparecen números 
01,18,B,1203,01,2,no
01,18,B,1203,02,2,no
01,18,B,1203,03,2,no
01,18,B,1203,04,2,no
01,18,B,1203,05,2,no
01,18,B,1203,06,2,no
01,18,B,1203,07,2,no
01,18,B,1203,08,2,no
01,18,B,1203,09,2,no
01,18,B,1203,10,2,no
01,18,B,1203,11,2,no
01,18,B,1203,12,2,no
01,18,B,1203,13,2,no
01,18,B,1203,14,2,no
01,18,B,1203,15,2,no
01,18,B,1203,16,2,no
01,18,B,1203,17,2,no
01,24,B,645,01,2,La caja del texto debería estar un poco más abajo. 
01,27,B,728,11,2,Bastante correcto.
01,27,B,728,12,2,Me ha parecido correcto.
01,38,B,901,05,2,Hay alguna falta de ortografía
01,47,B,33,16,2,no hay números
01,48,B,264,16,2,No aprecio números en el discurso
01,52,B,1018,10,2,Regular.
01,52,B,1018,11,2,Sincronizado.
01,52,B,1018,12,2,Bien.
01,52,B,1018,16,2,Mal.
01,52,B,1018,17,2,Mal.
01,59,B,1118,15,2,No he percibido nada al respecto.  
01,59,B,1118,16,2,No he percibido nada al respecto. 
01,78,B,333,17,2,h
01,92,B,172,17,2,No
01,99,B,212,13,2,Se leía bien
01,102,B,231,05,2,Hay un par de errores
01,102,B,231,06,2,Omite un par de palabras
01,103,B,233,02,2,En algunos subtitulos hay más de dos lineas y no me parece adecuado
01,103,B,233,03,2,De acuerdo
01,103,B,233,12,2,Neutral
01,103,B,233,14,2,No me he dado cuenta de tantas cuestiones
01,103,B,233,17,2,No he percibido ninguna incorrección
01,112,B,287,07,2,"Al principio se ha identificado a los personajes, pero a lo largo de la conversación no se ha especificado bien quien hablaba, lo que puede causar confusión."
01,112,B,287,11,2,"En algunos momentos, los subtítulos se mostraban con un poco de retraso."
01,120,B,320,10,2,no recuerdo problema en este sentido
01,120,B,320,15,2,no recuerdo puntos suspensivos
01,127,B,1213,02,2,A veces muchas lineas
01,164,B,749,03,2,Ocupan toda la caja
01,164,B,749,04,2,Parece que se ha oscurecido el fondo de la caja de los subtítulos para conseguir mayor contraste
01,164,B,749,07,2,Se hace una identificación pero incompleta 
01,168,B,808,11,2,Iba un poco rápido para mi gusto
01,169,B,819,11,2,"Algo rápida, pero es por el diálogo"
01,169,B,819,16,2,No aprecio ningún elemento a comentar
01,169,B,819,17,2,No observp
01,179,B,941,03,2,Buenas ! dame un cuatro de esto
01,179,B,941,09,2,Buenas ! dame un cuatro de esto
01,179,B,941,15,2,Buenas ! dame un cuatro de esto
01,184,B,986,16,2,No se da el caso
01,184,B,986,17,2,Creo que hablan claro
01,185,B,1002,06,2,Transcribe lo que se dice
01,185,B,1002,11,2,Están suficientemente sincronizados
01,185,B,1002,13,2,Creo que tiene legibilidad
01,185,B,1002,16,2,no aparecen números
01,185,B,1002,17,2,no aparecen incorrecciones en el habla
01,189,B,1023,05,2,ninguno
01,193,B,1040,14,2,"Mejorable, se corta alguna palabra y alguna línea muy extensa"
01,204,B,1167,05,2,Las abreviaturas de los nombres no se si son las mas adecuadas
01,204,B,1167,07,2,Misma respuesta que en pregunta 5
01,204,B,1167,08,2,No he apreciado problema en ese aspecto
01,204,B,1167,09,2,No he apreciado problema en ese aspecto
01,204,B,1167,15,2,No he apreciado problema en ese aspecto
01,204,B,1167,16,2,No he apreciado problema en ese aspecto
01,204,B,1167,17,2,Eran las propias de la conversación
01,215,B,1174,02,2,"Normalmente salían 2 líneas, aunque a veces 3 (acceptable)"
01,215,B,1174,11,2,"En casi todo el vídeo bien, en algún moment ha ido demasiado rápido, pero por lo general bien."
01,215,B,1174,15,2,Hay un uso innecesario de los puntos suspensivos en este vídeo 
01,217,B,1184,02,2,"utiliza la mayoría de las veces dos líneas que es el máximo establecido, en una ocasión utiliza 3 que es el máximo permitido"
01,217,B,1184,16,2,No utiliza números
01,217,B,1184,17,2,No se producen
01,219,B,1187,06,2,No veo nada reseñable
01,10,B,1034,04,3,Para mejor visualización 
01,10,B,1034,11,3,la que representa la voz
01,14,B,650,17,3,Si lo lleva en el original
01,17,B,411,02,3,Aunque aparece una frase con 3 líneas innecesariamente.
01,17,B,411,06,3,"Aunque subtitula ""ok"" en vez de "" de acuerdo"""
01,24,B,645,02,3,Dos o tres líneas
01,27,B,728,13,3,El tamaño me parecía correcto.
01,28,B,436,17,3,opcional
01,43,B,1037,03,3,Está bastante centrado.
01,43,B,1037,04,3,"Contrasta bastante, pero se podría mejorar poniendo el texto en amarillo (menos fatiga visual)."
01,47,B,33,01,3,"al principio aparece muy arriba del vídeo, después ya todos están en la misma línea horizontal "
01,48,B,264,06,3,"En un caso, hay sustitución. Ok por de acuerdo"
01,52,B,1018,01,3,Centrado e inferior
01,52,B,1018,04,3,Blanco con negro.
01,52,B,1018,13,3,Clara.
01,53,B,229,02,3,"Los subtítulos deben ocupar dos líneas y, excepcionalmente, tres."
01,53,B,229,03,3,El texto aparece centrado respecto a la caja donde se muestran los subtítulos.
01,53,B,229,04,3,Hay suficiente contraste.
01,53,B,229,07,3,"Los nombres de los personajes que intervienen se encuentran entre paréntesis y están escritos en mayúsculas, pero creo que no es correcto acortar el nombre."
01,53,B,229,13,3,Creo que hay contraste suficiente.
01,53,B,229,15,3,Creo que cumple con las reglas gramaticales.
01,53,B,229,16,3,"Se deben escribir con letra los números naturales del cero al diez, ambos inclusive, excepto cuando vayan acompañados de abreviaturas, signos o símbolos y en este caso se cumple."
01,53,B,229,17,3,"Aunque el profesor es andaluz y se como algunas letras en su pronunciación, se transcriben correctamente."
01,59,B,1118,01,3,Centrados y en el margen inferior. 
01,59,B,1118,02,3,Generalmente entre 2 y 3 líneas. 
01,59,B,1118,03,3,Centrados generalmente. 
01,59,B,1118,04,3,"Buen contraste, blanco sobre fondo oscuro. "
01,59,B,1118,08,3,Creo recordar que están correctas. 
01,59,B,1118,11,3,Adecuada.
01,59,B,1118,12,3,Adecuado. 
01,59,B,1118,13,3,Muy legible. 
01,59,B,1118,14,3,Me ha parecido correcto. 
01,59,B,1118,17,3,Me ha parecido correcta. 
01,70,B,15,01,3,Quizás estás un poco altos
01,70,B,15,02,3,"2 o 3 líneas, aunque en 2 cabrían bien, pienso."
01,70,B,15,04,3, aunque creo que podría haber un mayor contaste.
01,70,B,15,13,3,Pienso que es bastante legible
01,80,B,371,02,3,"Dos  o tres lineas está bien, pero reconozco que  me resulta más adecuada la lectura de dos líneas."
01,89,B,112,12,3,"no creo recordar que se superen los 27 caracteres, de hecho la mayoría se quedan cortos o muy cortos"
01,89,B,112,15,3,se utilizan al final de una enumeración... son descriptivos
01,99,B,212,04,3,Se veían claramente
01,102,B,231,02,3,"En general, esta bien dos lineas de longitud adecuada, hay un par de errores, como partir palabras o demasiadas lineas, pero no impide que se siga lo que dice"
01,102,B,231,11,3,me ha parecido un tiempo suficiente
01,102,B,231,12,3,veo algunas líneas algo cortas pero no impiden la comprensión
01,103,B,233,05,3,Creo que está revisada la ortografía
01,103,B,233,08,3,Adecuada
01,103,B,233,11,3,Se leen bien. 
01,103,B,233,13,3,Es una letra legible
01,103,B,233,15,3,No parece abusar de los puntos suspensivos
01,103,B,233,16,3,Creo que no he visto ningún número en el video por lo que estarán escritos
01,112,B,287,15,3,Se ha utilizado en un momento en el que el interlocutor estaba concluyendo una enumeración con este mismo recurso. 
01,120,B,320,01,3,En algunos casos se cortaban palabras sin justificación por ser texto largo
01,120,B,320,03,3,"letra en blanco sobre caja negra, bien; caja negra sobre fondo oscuro peor"
01,120,B,320,11,3,los pude leer bien
01,120,B,320,17,3,no recuerdo incorrecciones
01,121,B,346,04,3,hay faltas de ortografía
01,127,B,1213,01,3,Permite visualizar el video
01,143,B,520,01,3,creo que podrian estar un poquito mas abajo
01,145,B,535,03,3,El texto se ve centrado en su caja
01,145,B,535,04,3,Texto blanco y fondo negro ofrecen buen contraste
01,145,B,535,07,3,Utilizan mayúsculas entre comillas
01,145,B,535,13,3,Tamaño y tipo legible
01,163,B,734,01,3,Ooo
01,163,B,734,02,3,Ooo
01,163,B,734,03,3,Oooo
01,163,B,734,04,3,Ooo
01,163,B,734,05,3,Ooo
01,163,B,734,06,3,Ooo
01,163,B,734,07,3,Ooo
01,163,B,734,08,3,Ooo
01,163,B,734,09,3,Ooo
01,163,B,734,10,3,O
01,163,B,734,11,3,O
01,163,B,734,12,3,O
01,163,B,734,13,3,O
01,163,B,734,14,3,O
01,163,B,734,15,3,O
01,163,B,734,16,3,O
01,163,B,734,17,3,O
01,164,B,749,01,3,Aparece en la parte baja de la imagen y centrado.
01,164,B,749,02,3,Entre dos y tres líneas máximo
01,164,B,749,12,3,No pasa de 37
01,164,B,749,13,3,Es una letra sencilla
01,167,B,798,02,3,Maximo 2 lineas
01,169,B,819,02,3,"Dos máximo, como se recomienda"
01,169,B,819,03,3,"Centrada, aunque debe verse mejor al inicio"
01,179,B,941,04,3,Buenas ! dame un cuatro de esto
01,179,B,941,10,3,Buenas ! dame un cuatro de esto
01,179,B,941,16,3,Buenas ! dame un cuatro de esto
01,184,B,986,01,3,"Estaban colocados en el centro, aunque el ancho no era el más adecuado..."
01,184,B,986,02,3,ha variado de dos a una o a tres sin tener en cuenta el número de palabras... aunque se supone que estaría correcto en cuanto a de 2 a 3 líneas...
01,184,B,986,10,3,Me ha dado la sensación de que se cumplian...
01,184,B,986,13,3,Es una tipografia tipo
01,184,B,986,15,3,se utilizan aunque no sé si de manera adecuada
01,185,B,1002,04,3,Los caracteres en blanco sobre fondo negro dan suficiente visibilidad
01,185,B,1002,15,3,"La única vez que aparecen, sí me parecen justificados"
01,189,B,1023,01,3,ninguna
01,189,B,1023,02,3,ninguna
01,189,B,1023,03,3,ninguna
01,189,B,1023,06,3,ninguno
01,189,B,1023,08,3,ninguno
01,189,B,1023,09,3,ninguno
01,189,B,1023,10,3,ninguno
01,189,B,1023,11,3,ninguno
01,189,B,1023,12,3,ninguno
01,189,B,1023,14,3,ninguno
01,189,B,1023,15,3,ninguno
01,189,B,1023,16,3,ninguno
01,189,B,1023,17,3,ninguno
01,193,B,1040,01,3,Alguno tiene una posición elevada respecto al margen inferior
01,193,B,1040,02,3,Hay subtítulos con 3 líneas
01,193,B,1040,12,3,Alguna línea es un poco larga pero se lee bien
01,200,B,1217,03,3,La disposición es correcta
01,200,B,1217,04,3,Se lee bien en la combinación blanco y negro
01,200,B,1217,05,3,Está correcto
01,200,B,1217,06,3,Es correcta
01,200,B,1217,09,3,Quizá el sonido es un poco estridente
01,200,B,1217,10,3,Creo que es correcta
01,200,B,1217,11,3,"Está bien, quizá un poco rápida"
01,200,B,1217,12,3,Los caracteres que se ponen son correctos
01,200,B,1217,14,3,Es correcta
01,200,B,1217,15,3,"Si se precisan, se deben poner"
01,200,B,1217,17,3,Correcta
01,204,B,1167,10,3,No he apreciado problema en ese aspecto
01,204,B,1167,11,3,No he apreciado problema en ese aspecto
01,204,B,1167,14,3,Quizás muy seguidos los diálogos
01,215,B,1174,04,3,Buen contraste con la caja negra para poder diferenciarlo del fondo claro
01,215,B,1174,07,3,Queda claro quien esta hablando cada vez
01,215,B,1174,12,3,En general una buena assignación de los caracteres máximos.
01,215,B,1174,13,3,Una buena tipografía que ayuda a una buena lectura
01,216,B,1178,04,3,Fondo oscuro letras claras.
01,216,B,1178,13,3,Nose
01,216,B,1178,14,3,Nose
01,217,B,1184,01,3,Están centrados en la parte inferior  de la pantalla
01,217,B,1184,03,3,Centrado en la parte inferior
01,217,B,1184,04,3,contraste con blanco y negro que facilitan  su visibilidad respecto a la imagen
01,217,B,1184,05,3,Ortografía y gramática correctas
01,217,B,1184,07,3,"Los identifica perfectamente, entre paréntesis y mayúsculas"
01,217,B,1184,11,3,correcto se produce a la vez que hablan los personajes y da tiempo a leerlos
01,217,B,1184,12,3,Es correcto porque permite una lectura ágil y rápida y no supera los 37 por línea
01,217,B,1184,13,3,"Es una letra que se lee bien, es legible"
01,217,B,1184,15,3,Los utiliza de acuerdo a las normas gramaticales
01,219,B,1187,01,3,Bastante grandes
01,219,B,1187,09,3,Únicamente al llamar por teléfono y se lleva correctamente
01,219,B,1187,11,3,Buen tiempo para la lectura
01,219,B,1187,12,3,Es correcto
01,219,B,1187,17,3,Estaba correcto
01,10,B,1034,01,4,facilita el aprendizaje y la educación
01,10,B,1034,05,4,Facilita la educación
01,10,B,1034,06,4,Para poder entenderlo literalmente.
01,10,B,1034,07,4,facilita la inclusión 
01,14,B,650,01,4,Lo veo adecuado
01,14,B,650,02,4,El número de lineado está bien
01,14,B,650,03,4,Adecuado
01,14,B,650,04,4,Adecuado
01,14,B,650,05,4,Importante
01,14,B,650,06,4,Importante  
01,14,B,650,07,4,Importante
01,14,B,650,08,4,Importante
01,14,B,650,09,4,Necesario
01,14,B,650,10,4,Necesario  
01,14,B,650,12,4,Bien
01,14,B,650,13,4,Importante
01,14,B,650,15,4,Importante
01,25,B,620,01,4,Para una buena lectura 
01,25,B,620,02,4,Si es muy largo cuesta más leerlo
01,25,B,620,04,4,para facilitar la lectura 
01,25,B,620,07,4,Así se puede seguir mejor 
01,25,B,620,09,4,para que puedas seguir la trama
01,25,B,620,11,4,Si la velocidad es muy rápida no te da tiempo y hay más fatiga 
01,25,B,620,13,4,Cuanto más accesible más fácil de leer 
01,27,B,728,01,4,Están en la parte inferior de la pantalla y centrados
01,35,B,85,17,4,es necesario poner esas incorrecciones tambien
01,43,B,1037,10,4,No he percibido falta de sincronización.
01,43,B,1037,11,4,No he percibido una velocidad inadecuada.
01,43,B,1037,12,4,"No lo he contado, pero creo que no se superan los 37 caracteres por línea."
01,43,B,1037,13,4,Es un tipo de letra bastante legible
01,43,B,1037,17,4,"No aparecen incorrecciones, o al menos no las he detectado."
01,48,B,264,01,4,Están centrados en la parte inferior
01,48,B,264,02,4,Sólo en una ocasión se utilizan 3 líneas. 
01,48,B,264,03,4,Está centrado en la caja
01,48,B,264,04,4,Buen contraste entre el texto blanco y el fondo negro.
01,48,B,264,07,4,Se identifican los personaje en la llamada telefónica
01,48,B,264,10,4,Entradas y salida coinciden con el movimiento labial
01,48,B,264,11,4,Se corresponde con los 12 caracteres por segundo
01,48,B,264,12,4,No se superan los 37 caracteres por segundo
01,48,B,264,13,4,La tipografía no da lugar a confusión y es de tamaño adecuado
01,48,B,264,15,4,Creo que se utilizada adecuadamente en el contexto de la frase
01,63,B,593,01,4,lo justo es que todo el mundo pueda disfrutar del video.
01,89,B,112,17,4,no son relevantes para la descrición de la escena
01,102,B,231,01,4,"Están centrados y en la parte inferior, sin interferir con la imagen"
01,102,B,231,03,4,esta centradp
01,102,B,231,04,4,alto contraste que facilita la lectura
01,103,B,233,01,4,Están centrados y abajo. Deja espacio para ver la imagen
01,103,B,233,04,4,Se ve muy bien las letras con el contraste
01,103,B,233,06,4,Creo que el video es muy literal
01,103,B,233,07,4,Presenta a los personajes y explican quien llama y con quién se llama
01,103,B,233,09,4,Explica los efectos sonoros del video
01,103,B,233,10,4,Los subtítulos están sincronizados
01,112,B,287,02,4,"Apenas excedía las dos líneas, lo cual es adecuado."
01,112,B,287,04,4,Se podía leer de forma clara todo lo contenido en la caja de subtítulos.
01,120,B,320,04,4,"blanco sobre negro, gran contraste"
01,120,B,320,13,4,era una tipografía clara
01,121,B,346,01,4,estan centrados en la parte inferior como se requiere
01,121,B,346,02,4,hay 2 como máximo
01,149,B,559,02,4,2-3 LINEAS ES CORRECTO
01,149,B,559,04,4,BLANCO SOBRE NEGRO TIENE BUEN CONTRASTE
01,172,B,871,01,4,correcta
01,179,B,941,05,4,Buenas ! dame un cuatro de esto
01,179,B,941,11,4,Buenas ! dame un cuatro de esto
01,179,B,941,17,4,Buenas ! dame un cuatro de esto
01,184,B,986,04,4,el contraste era el correcto (blanco/negro)
01,189,B,1023,04,4,ninguno
01,189,B,1023,07,4,ninguno
01,189,B,1023,13,4,ninguno
01,193,B,1040,03,4,Se muestra centrado
01,200,B,1217,01,4,Se ven bien
01,200,B,1217,02,4,2 líneas se leen correctamente
01,200,B,1217,07,4,Muy bien definidos
01,200,B,1217,08,4,Se distingue bien
01,200,B,1217,13,4,Una buena legibilidad
01,200,B,1217,16,4,La misma respuesta que la anterior
01,204,B,1167,01,4,La parte inferior permite seguir correctamente los subtítulos
01,204,B,1167,02,4,Pocas líneas
01,204,B,1167,03,4,Misma respuesta que en pregunta 1
01,204,B,1167,04,4,El color de la letra contrastaba bien con el fondo
01,204,B,1167,06,4,Me ha parecido correcto
01,204,B,1167,12,4,No he apreciado problema en ese aspecto
01,204,B,1167,13,4,No he apreciado problema en ese aspecto
01,216,B,1178,01,4,"Todo el mundo tiene derecho a poder entender una peli,una video llamada.."
01,216,B,1178,02,4,Todos somos iguales
01,216,B,1178,05,4,Lenguaje sin faltas de ortografía para todos.
01,216,B,1178,07,4,Todo claro 
01,216,B,1178,09,4,Todo en orden
01,216,B,1178,10,4,Todo biennhecho
01,216,B,1178,15,4,Nose
01,217,B,1184,10,4,coincide al mismo tiempo del movimiento labial
01,219,B,1187,03,4,"Centrados, bien"
01,219,B,1187,04,4,Se puede leer sin problema
01,219,B,1187,07,4,Presentación buena de la persona que llama por telefono
01,219,B,1187,08,4,Correcto
01,219,B,1187,10,4,Estaba bien sincronizado
01,219,B,1187,13,4,"Buena tipografía, se entiende"
01,24,B,645,16,5,No hay referencias a numeros
01,43,B,1037,16,5,No aparecen números en el video.
01,120,B,320,16,5,no recuerdo números
01,168,B,808,14,5,No me ha dado tiempo a fijarme
01,179,B,941,06,5,Buenas ! dame un cuatro de esto
01,179,B,941,12,5,Buenas ! dame un cuatro de esto
01,215,B,1174,03,5,No sé
01,215,B,1174,10,5,No sé
01,215,B,1174,14,5,No sé
01,215,B,1174,16,5,En ningún momento hablan de números
01,215,B,1174,17,5,No sé
01,216,B,1178,03,5,No se
01,216,B,1178,06,5,Nose
01,216,B,1178,12,5,Nose
02,8,A,868,09,0,No se realiza
02,9,A,916,01,0,Ok
02,9,A,916,02,0,Ok
02,9,A,916,03,0,Ok
02,9,A,916,06,0,Ok
02,9,A,916,07,0,Ok
02,9,A,916,08,0,Ok
02,9,A,916,09,0,Ok
02,9,A,916,10,0,Ok
02,9,A,916,11,0,Ok
02,9,A,916,12,0,Ok
02,9,A,916,14,0,Ok
02,9,A,916,15,0,Ok
02,9,A,916,16,0,Ok
02,9,A,916,17,0,Ok
02,14,A,802,09,0,No se avisa que suena el teléfono
02,15,A,38,05,0,muchas incorrecciones gramaticales y ortográficas
02,15,A,38,07,0,hay intervenciones de Ale que no lo pone
02,15,A,38,08,0,en una misma línea recoge las intervenciones de Ale y de Emi dificultando la comprensión del mensaje
02,23,A,683,05,0,Tiene algunos errores ortográficos
02,23,A,683,09,0,No se señaliza el sonido del teléfono
02,23,A,683,15,0,Uso inadecuado de los puntos suspensivos
02,36,A,339,09,0,No se describe el sonido de la llamada del teléfono.
02,36,A,339,12,0,No todas las líneas tienen el mismo número de caracteres y hay algunas líneas muy largas.
02,41,A,867,01,0,varian la posición a lo largo de la escena 
02,41,A,867,03,0,hay cajar de medidads diferentes y con huecos entre las lineas del subtítulo
02,41,A,867,05,0,hay incorrecciones y faltas de orotografía
02,41,A,867,07,0,identifica parcialmente i en la misma linea parecen dos protagonistas
02,41,A,867,08,0,aparecen en mla misma linea los dos personajes
02,42,A,428,05,0,Había faltas de ortografía
02,42,A,428,06,0,En ocasiones no era literal
02,48,A,338,09,0,No se indica que suena el timbre del teléfono. 
02,50,A,76,02,0,Se pueden hasta 3 pero no es recomendable
02,50,A,76,09,0,No nombra el sonido del teléfono
02,58,A,211,08,0,Nada de añadir
02,58,A,211,09,0,Nada de añadir
02,58,A,211,10,0,Nada de añadir
02,58,A,211,14,0,Nada de añadir
02,67,A,288,05,0,Hay errores
02,67,A,288,09,0,No informa de que suena el telefóno
02,70,A,298,05,0,Hay alguna falta de ortografía
02,70,A,298,08,0,No se separan bien las líneas en las intervenciones
02,70,A,298,09,0,No se describen los sonidos
02,75,A,362,09,0,No aparecen
02,75,A,362,14,0,Aparecen palabras separadas
02,83,A,509,01,0,Los subtítulos cambian de posición a lo largo del vídeo. A veces aparecen demasiado al borde de la imagen.
02,83,A,509,02,0,"Hay algún subtítulo que se desarrolla en 3 líneas, cuando lo ideal es que sean 2"
02,83,A,509,05,0,"Hay faltas de ortografía al principio del vídeo (""ba"" en vez de ""va"")"
02,83,A,509,06,0,"En algún subtítulo no se corresponde con lo que dice el hablante (""OK"" en vez de ""de acuerdo"")"
02,83,A,509,09,0,Suena el teléfono pero no hay un subtítulo que lo anuncia
02,88,A,536,05,0,Tiene faltas de ortografía y algunas palabras no las termina de escribir.( Falta de texto)
02,88,A,536,13,0,No se puede leer bien
02,89,A,537,05,0,faltas ortográficas
02,89,A,537,09,0,no se trabscribe sonido del telefono
02,100,A,850,05,0,Palabras cortadas
02,100,A,850,07,0,No identifica cada personaje
02,110,A,1189,09,0,sin el sonido del teléfono se hace raro que el personaje conteste
02,111,A,1011,05,0,Bastantes faltas de ortografía y de colocación
02,111,A,1011,09,0,No aparecen
02,119,A,1117,12,0,hay lineas largas
02,123,A,1153,05,0,hay faltas de ortografía (bale....por ej.)
02,123,A,1153,09,0,no se describen los efectos sonoros creo...
02,8,A,868,02,1,"En algunos momentos se llega a tener tres líneas, y dificulta la lectura y comprensión "
02,8,A,868,03,1,"Hay momentos en los que no se sigue un orden, y se pierde la comprensión"
02,8,A,868,05,1,Hay faltas de ortografía en algunas palabras 
02,8,A,868,06,1,No se transcribe literalmente todo lo que acontece
02,8,A,868,07,1,"No está clara la diferenciación de personajes, y los nombres se acortan, lo que puede llevar a errores de comprensión "
02,8,A,868,08,1,"En ocasiones se intercala el nombre de uno de los personajes dentro de la frase, lo que impide la comprensión "
02,8,A,868,12,1,"En partes de tres líneas no se hace correctamente, y lleva a dificultad de lectura y comprensión "
02,8,A,868,14,1,En frases no se cumple y se dificulta la comprensión y lectura 
02,8,A,868,15,1,"Impide la correcta comprensión, ya que no se aprecia el matiz "
02,14,A,802,08,1,En algún caso comparten línea. Mejor cada uno en la suya
02,15,A,38,12,1,algunas líneas son muy largas
02,23,A,683,08,1,Se hacen cortes de línea que no corresponde
02,23,A,683,10,1,La entrada de subtítulo lleva retardo en algunos momentos
02,23,A,683,12,1,Creo que las líneas podrían ser más largas para evitar realizar tantos cortes
02,29,A,75,01,1,"Va cambiando a lo largo del vídeo y, a veces, no está situado correctamente."
02,29,A,75,02,1,"En general, bien, con dos líneas. Sin embargo, aparecen tres en ocasiones."
02,29,A,75,05,1,Hay textos mal escritos.
02,36,A,339,01,1,No está siempre a la misma altura.
02,36,A,339,02,1,No siempre tienen el mismo número de líneas.
02,36,A,339,03,1,No siempre están a la misma altura.
02,36,A,339,05,1,Hay palabras cortadas entre líneas sin incluir el guión.
02,36,A,339,06,1,"No se respeta totalmente la literalidad. Por ejemplo, se dice ""¿De acuerdo? y en el subtítulo se transcribe ""¿OK?"
02,36,A,339,08,1,Hay dos personajes en la misma línea.
02,37,A,59,05,1,Hay faltas de ortografía en los subtítulos
02,37,A,59,06,1,Los subtítulos no reproducen con exactitud el audio del vídeo
02,37,A,59,07,1,No se realiza
02,37,A,59,08,1,El diálogo de ambos personales coinciden en la misma línea 
02,37,A,59,09,1,"No se hace (cuando suena el teléfono, por ejemplo)"
02,37,A,59,14,1,No es correcta
02,41,A,867,02,1,en ocasiones son 3 innecesariamente
02,41,A,867,12,1,tengo la sensación que hay lineas con más carácteres de los permitidos
02,42,A,428,09,1,escasa
02,42,A,428,12,1,alguno bastante largo
02,43,A,73,05,1,No está correctamente serparo el texto ortograficamente con sus signos. La lectura es mala porque no aporta ese dato
02,43,A,73,08,1,no se diferencian
02,43,A,73,09,1,no aparece
02,48,A,338,01,1,"Cambio en la posición a lo largo del vídeo y, en general, posición alta."
02,48,A,338,02,1,En algún momento aparecen tres líneas de texto.
02,48,A,338,05,1,"Faltas de ortografía (ej. ""ba"")."
02,48,A,338,06,1,"En algunos casos los subtítulos no son literales con respecto al audio. Ej. ""de acuerdo"" subtitulado como ""Ok"". "
02,48,A,338,07,1,En algunos casos no se identifica a los personajes (no se añade etiqueta). 
02,48,A,338,08,1,Se muestran intervenciones de dos personajes en una misma línea. 
02,48,A,338,10,1,"En algunas ocasiones no existe sincronía entre el audio y la aparición de los subtítulos. Ej. ""Muchos ejemplos que harán...""."
02,48,A,338,14,1,"Se separa en dos líneas la palabra ""práctica""."
02,56,A,196,05,1,"AL PRINCIPIO TENEMOS UNA FALTA ORTOGRÁFICA EN VA, QUE EN EL VÍDEO ESTÁ ESCRITO COMO BA"
02,56,A,196,08,1,LA INTERACCIÓN CON LA PERSONA QUE HABLA POR TELÉFONO SE PONE EN LA MISMA LÍNEA QUE LA PERSONA QUE ESTÁ HABLANDO EN EL VÍDEO
02,56,A,196,15,1,"EN MI OPINIÓN, SE HAN UTILIZADO AUNQUE NO HUBIERA SIDO OBLIGATORIO PONERLOS"
02,58,A,211,01,1,Nada de añadir
02,58,A,211,02,1,Nada de añadir
02,58,A,211,03,1,Nada de añadir
02,58,A,211,04,1,Nada de añadir
02,58,A,211,05,1,Nada de añadir
02,58,A,211,06,1,Nada de añadir
02,58,A,211,07,1,Nada de añadir
02,58,A,211,11,1,Nada de añadir
02,58,A,211,12,1,Nada de añadir
02,58,A,211,17,1,Nada de añadir
02,65,A,281,02,1,Hasta tres para tan poco diálogo
02,65,A,281,05,1,He visto hasta faltas de ortografía al principio
02,65,A,281,09,1,El teléfono no aparecía como sonido
02,65,A,281,10,1,Había varias descoordinaciones
02,67,A,288,02,1,Mejor 2 líneas.
02,70,A,298,07,1,No se identifica en todo momento a la persona que habla  
02,71,A,317,02,1,las tres líneas despistaban
02,75,A,362,05,1,Hay palabras que quedan separadas en dos líneas. Incorrecto
02,75,A,362,08,1,No aparecen
02,76,A,369,02,1,En alguna parte se usan tres lineas
02,76,A,369,05,1,En alguna linea aparece una falta de ortografía
02,76,A,369,07,1,En algún momento no aparece la identificación de los personajes
02,76,A,369,09,1,No aparece que se hace una llamada
02,76,A,369,14,1,Aparece alguna palabra cortada en alguna linea
02,81,A,498,02,1,"Algunos ocupan tres líneas que nos son necesarias, cortan la frase"
02,81,A,498,05,1,Faltas de ortografía
02,81,A,498,07,1,No se recogen siempre
02,81,A,498,08,1,Tampoco se refleja
02,81,A,498,09,1,No está descrito el ruido del teléfono
02,81,A,498,14,1,Mal la separación en algunos de los subtítulos
02,81,A,498,15,1,No lo entiendo en la frase
02,83,A,509,03,1,En algún subtítulo se corta la palabra entre líneas
02,83,A,509,07,1,Emi se identifica después de haber redactado su subtítulo y debería ser antes
02,83,A,509,08,1,"Hay algún subtítulo que ocupa 3 líneas, cuando lo ideal serían 2."
02,83,A,509,10,1,Algún subtítulo entra tarde
02,83,A,509,12,1,"En algún subtítulo las líneas son muy cortas, deberían tener más caracteres por línea"
02,83,A,509,14,1,Se cortan palabras de una línea a otra en algún subtítulo. Las palabra deben aparecer completas en cada línea
02,83,A,509,15,1,No es necesario el uso de puntos suspensivos en ese subtítulo.
02,88,A,536,01,1,"Va cambiando de posición, siempre debería estar abajo y centrado."
02,88,A,536,02,1,No debe de ponerse más de dos líneas
02,88,A,536,03,1,"No, va cambiando"
02,88,A,536,08,1,Ponen varios textos 
02,88,A,536,09,1,No lo describe
02,88,A,536,11,1,Va muy rápido y no coincide.
02,88,A,536,12,1,Muchos caracteres en una misma línea
02,89,A,537,03,1,mejor mas abajo
02,89,A,537,06,1,No todas las `palabras se transcriben
02,89,A,537,07,1,falta un personaje
02,100,A,850,01,1,No estaban en la parte inferior de la pantalla
02,100,A,850,02,1,frases muy cortas
02,100,A,850,03,1,Palabras cortadas en los parrafos
02,100,A,850,06,1,Frases muy cortas
02,100,A,850,08,1,Sin especificar
02,100,A,850,09,1,No describe la llamada telefónica
02,100,A,850,10,1,Algunas escenas va antes el vídeo que el áudio
02,100,A,850,12,1,Frases cortas
02,106,A,1097,01,1,"la caja no estaba siempre en el mismo lugar, por lo que el texto no estaba centrado en la parte inferior "
02,106,A,1097,03,1,el texto no estaba centrado en algunas ocasiones respecto a la caja donde se muestra el subtitulado 
02,106,A,1097,05,1,existen dos errores 
02,106,A,1097,09,1,No describe  con mayúsculas y entre paréntesis  cuando suena el teléfono 
02,111,A,1011,01,1,Deberían ir algo más abajo y centrados
02,111,A,1011,10,1,Van a destiempo
02,119,A,1117,01,1,en ocasiones no estan  en la posicion que se espera
02,119,A,1117,02,1,en ocasiones saen varias lineas
02,119,A,1117,03,1,en algunos casos no esta centrado
02,119,A,1117,05,1,a veces separa palabras en lineas
02,119,A,1117,08,1,varias lineas en casos
02,119,A,1117,09,1,no esta la llamada de telefono
02,122,A,1126,10,1,Ok
02,122,A,1126,11,1,Ok
02,123,A,1153,03,1,a veces se cortan palabras y otros detalles...
02,123,A,1153,06,1,hay transcripciones no acordes a la voz (ok en vez de acuerdo...por ej.)
02,123,A,1153,10,1,a veces hay retardo del texto sobre el audio
02,123,A,1153,12,1,hay veces que se ponen líneas muy cortas
02,4,A,4,01,2,xxx
02,8,A,868,10,2,Quizá en algunos es demasiado tardía 
02,14,A,802,01,2,Algunos bien pero otros muy arriba
02,14,A,802,05,2,"Falta alguna coma, guion para separar sílabas de la misma palabra, etc."
02,14,A,802,07,2,En un diálogo falta identificar a Álex y en otro a Emilio
02,14,A,802,14,2,En ocasiones se podría repartir mejor
02,15,A,38,17,2,habla andaluz aspirando consonantes finales
02,23,A,683,03,2,Deberían recoger más información por línea
02,23,A,683,06,2,"Realiza algunas adaptaciones no necesarias, sustituye perfecto por OK"
02,23,A,683,14,2,Hay bastantes cortes de sintagmas incorrectos
02,29,A,75,06,2,"En general, bien, aunque hay alguna palabra que no aparece.  Por ejemplo se muestra ""OK"" en vez de ""De acuerdo""."
02,37,A,59,02,2,En algunos casos ocupan 3 líneas en vez de 2 que es lo ideal
02,37,A,59,15,2,Se usa una sóla vez y creo que se recomienda no hacerlo.
02,37,A,59,16,2,No se da el caso.
02,41,A,867,09,2,no me he fijado en ninguna anomalía
02,41,A,867,10,2,no me he fijado en ninguna anomalia
02,41,A,867,11,2,parece fácil de seguir
02,41,A,867,13,2,me parece igual al video anterior
02,41,A,867,14,2,no he percibido ninguna anomalía
02,41,A,867,15,2,no he percibido ninguna anomalía
02,41,A,867,16,2,no he percibido ninguna anomalía
02,42,A,428,01,2,No estaban centrados del todo en posición vertical
02,43,A,73,04,2,Hubiera usado una tipografía especial para el uso en pantalla
02,43,A,73,06,2,sustituye un de acuerdo por un ok
02,43,A,73,13,2,Hay mejores
02,43,A,73,17,2,está más ajustado que el anterior
02,54,A,1020,10,2,Sin comentario.
02,54,A,1020,15,2,Sin comentario.
02,56,A,196,06,2,HAY PALABRAS EN LOS SUBTÍTULOS QUE NO SON PRONUNCIADAS
02,56,A,196,10,2,HAY OCASIONES QUE PERMANECEN SEGUNDOS DESPUÉS DE QUE EL PONENTE HAYA TERMINADO DE HABLAR
02,58,A,211,13,2,Nada de añadir
02,58,A,211,15,2,Nada de añadir
02,58,A,211,16,2,Nada de añadir
02,65,A,281,06,2,Bien
02,65,A,281,08,2,No me he fijado
02,65,A,281,11,2,No siempre óptima
02,65,A,281,15,2,No recuerdo
02,65,A,281,16,2,NO recuerdo
02,65,A,281,17,2,No recuerdo
02,70,A,298,16,2,No se hacen referencias numéricas
02,76,A,369,16,2,No aparecen números
02,83,A,509,16,2,No aparecen números en los subtítulos
02,83,A,509,17,2,No hay incorrecciones en el habla
02,88,A,536,06,2,No hay mucho texto
02,100,A,850,15,2,No vi puntos suspensivos
02,100,A,850,16,2,No vi números
02,106,A,1097,10,2,necesitaba ir un poco más despacio 
02,106,A,1097,11,2,un poco más despacio seria ideal 
02,107,A,977,09,2,Creo que en ocasiones confunde
02,107,A,977,15,2,Es útil para entender el dialogo
02,107,A,977,16,2,A veces confunde un poco
02,110,A,1189,10,2,algunas tienen algo de retardo
02,119,A,1117,04,2,correcto
02,119,A,1117,15,2,no se usan
02,119,A,1117,16,2,no hay
02,122,A,1126,02,2,Ok
02,122,A,1126,03,2,Ok
02,122,A,1126,05,2,Ok
02,122,A,1126,07,2,Ok
02,122,A,1126,08,2,Ok
02,122,A,1126,09,2,Ok
02,122,A,1126,12,2,Ok
02,122,A,1126,14,2,Ok
02,122,A,1126,15,2,Ok
02,122,A,1126,16,2,Ok
02,122,A,1126,17,2,Ok
02,123,A,1153,02,2,a veces hay demasiadas
02,123,A,1153,08,2,a veces hay demasiadas
02,123,A,1153,16,2,no se escriben o no se mencionan números creo...
02,8,A,868,01,3,Se sitúan en la parte inferior de la imagen 
02,8,A,868,04,3,Se mantiene el contraste entre fuente y fondo
02,8,A,868,11,3,La velocidad es adecuada 
02,14,A,802,02,3,"Alguno tiene tres líneas, mejor dos"
02,14,A,802,03,3,Mejor a la izquierda
02,14,A,802,06,3,"En algún caso no es correcto como sustituir ""De acuerdo"" por ""OK"""
02,14,A,802,10,3,En algún caso entra un poco tarde
02,14,A,802,11,3,En algún caso va muy rápido
02,14,A,802,12,3,incluso en alguna línea se podrían poner más
02,23,A,683,02,3,el uso de tres líneas debe ser de forma excepcional
02,37,A,59,01,3,Están en la parte inferior de la pantalla
02,37,A,59,03,3,El texto está centrado dentro de la caja
02,37,A,59,04,3,Letra blanca sobre fondo negro
02,37,A,59,10,3,Creo que es correcta
02,37,A,59,11,3,Está bien
02,37,A,59,13,3,Es correcta
02,37,A,59,17,3,Se respeta
02,41,A,867,04,3,"se mantiene estable letras blancas, fondo negro"
02,41,A,867,06,3,es literal en las transcripciones
02,41,A,867,17,3,no he percibido ninguna anomalía
02,42,A,428,02,3,"Había un máximo de tres, con dos estaría mejor"
02,42,A,428,03,3,"bien, no he notado nada a este respecto"
02,43,A,73,03,3,está más ajustado que el anterior
02,43,A,73,07,3,Nombra correctamente
02,43,A,73,10,3,está más ajustado que el anterior
02,43,A,73,11,3,está más ajustado que el anterior
02,43,A,73,14,3,está más ajustado que el anterior
02,43,A,73,15,3,aporta entonacion
02,49,A,35,02,3,en unas hubo más
02,49,A,35,05,3,tuvo errores
02,49,A,35,06,3,cambio a OK
02,49,A,35,09,3,no se hizo
02,49,A,35,12,3,falto al principio
02,49,A,35,17,3,pocas
02,54,A,1020,01,3,Sin comentario.
02,54,A,1020,02,3,Sin comentario.
02,54,A,1020,03,3,Sin comentario.
02,54,A,1020,04,3,Sin comentario.
02,54,A,1020,05,3,Sin comentario.
02,54,A,1020,06,3,Sin comentario.
02,54,A,1020,07,3,Sin comentario.
02,54,A,1020,08,3,Sin comentario.
02,54,A,1020,11,3,Sin comentario.
02,54,A,1020,12,3,Sin comentario.
02,54,A,1020,13,3,Sin comentario.
02,54,A,1020,16,3,Sin comentario.
02,54,A,1020,17,3,Sin comentario.
02,56,A,196,07,3,"SE RECONOCEN POR EL CAMBIO DE VOZ, AUNQUE NO ESTÉ BIEN EXPRESADO EN LOS SUBTÍTULOS"
02,65,A,281,01,3,Correcta casi todo el tiempo
02,65,A,281,03,3,Bien
02,65,A,281,04,3,Bien
02,65,A,281,12,3,Bien
02,65,A,281,13,3,Decente
02,65,A,281,14,3,Correcta
02,68,A,291,02,3,Depende del contexto
02,68,A,291,15,3,A veces no son muy necesarios
02,70,A,298,03,3,Podrían estar en la parte más inferior de la pantalla
02,70,A,298,10,3,Es bastante correcta
02,70,A,298,11,3,Me parece bastante correcta
02,70,A,298,12,3,Me parece correcta
02,70,A,298,14,3,Me parece correcto
02,75,A,362,01,3,Parte baja del vídeo. Centrado. La primera caja estaba en una posición superior y se ha corregido
02,75,A,362,02,3,No se ha pasado de tres líneas
02,75,A,362,06,3,Bien
02,75,A,362,07,3,"En mayúsculas, pero de forma familiarizada. No aparecen los nombres completos"
02,75,A,362,11,3,Bien
02,75,A,362,13,3,Me ha parecido correcto
02,75,A,362,17,3,Bien
02,77,A,380,06,3,"la objetividad y literalidad es necesaria, hemos de evitar la ironia o figuras retóricas"
02,77,A,380,11,3,creo que esforzarse en esto facilita mucho la comprensión
02,77,A,380,14,3,creo que siempre hay que pensar en los destinatarios para que el diseño sea eficiente
02,83,A,509,11,3,La exposición es correcta
02,88,A,536,04,3,Letras blancas y fondo negro
02,88,A,536,07,3,Si dice los nombre de cada uno a la hora de hablar.
02,88,A,536,16,3,No salen ningún número
02,88,A,536,17,3,El habla pienso que está bien
02,89,A,537,01,3,centrado
02,93,A,624,02,3,En muchas partes del vídeo son 2 líneas y en una ocasión 3 líneas
02,100,A,850,04,3,Texto legible
02,100,A,850,11,3,Ritmo legible
02,100,A,850,13,3,Tamaño normal
02,106,A,1097,02,3,"cumplía con la normativa , dos líneas excepcionalmente tres "
02,106,A,1097,04,3,buen contraste 
02,106,A,1097,06,3,Describe con literalidad lo que pasa en el video 
02,106,A,1097,12,3,en ningún caso excede el número máximo de caracteres por línea  que es de 37 
02,106,A,1097,13,3,es correcta 
02,107,A,977,03,3,Quizá un poco más abajo.
02,107,A,977,07,3,"Es claro, se evidencia quien es quien, pero quizá puede vlverse confuso en otras ocasiones"
02,107,A,977,17,3,Son arregladas con el texto del subtitulo
02,110,A,1189,01,3,prefiero que los subtítulos se puedan cambiar de sitio
02,110,A,1189,02,3,bien pero dos líneas es mejor
02,110,A,1189,04,3,contraste suficiente para leer
02,110,A,1189,06,3,falta algo de información sonora
02,110,A,1189,07,3,prefiero diferenciarlos por color
02,110,A,1189,11,3,esta bien
02,110,A,1189,12,3,algunas líneas me parecen algo largas
02,110,A,1189,15,3,es correcto
02,119,A,1117,06,3,es correcto
02,119,A,1117,11,3,se ven bien
02,122,A,1126,01,3,Ok
02,122,A,1126,06,3,Ok
02,122,A,1126,13,3,Ok
02,123,A,1153,01,3,están bien situados pero algunos son demasiados a la vez cubriendo gran parte de la superficie del vídeo
02,123,A,1153,07,3,no me gustan los apodos
02,9,A,916,04,4,Ok
02,9,A,916,05,4,Ok
02,9,A,916,13,4,Ok
02,14,A,802,04,4,Buen contraste entre sombra negra y blanco
02,14,A,802,13,4,"Se lee bien, sin serifa"
02,14,A,802,15,4,"sirven para reflejar una frase que se deja en suspenso, no para separar"
02,14,A,802,17,4,No me ha parecido encontrarlas
02,23,A,683,01,4,el subtitulado está colocado en la parte inferior y central de la pantalla
02,23,A,683,04,4,Blanco sobre negro. OK
02,23,A,683,07,4,No se hace una correcta identificación de los personajes ni se sostiene en el tiempo
02,23,A,683,13,4,Me parece que se lee correctamente
02,42,A,428,04,4,El contraste era correcto
02,43,A,73,01,4,está más ajustado que el anterior
02,43,A,73,02,4,está más ajustado que el anterior
02,43,A,73,12,4,está más ajustado que el anterior
02,43,A,73,16,4,mejora la rapidez lectora
02,48,A,338,17,4,Los subtítulos no reflejan el acento de la persona que aparece en el vídeo.
02,49,A,35,07,4,si lo hizo
02,54,A,1020,09,4,Sin comentario.
02,54,A,1020,14,4,Sin comentario.
02,57,A,788,02,4,No sobrecargar la información.
02,65,A,281,07,4,Bien
02,68,A,291,01,4,Es muy importante y que siempre estén legibles
02,68,A,291,04,4,Tienen que estar muy legibles
02,68,A,291,07,4,Sirve de gran ayuda
02,68,A,291,08,4,Sirve de ayuda y guía 
02,68,A,291,10,4,Es una manera de llevar un orden
02,70,A,298,02,4,No superan las 3 líneas previstas
02,70,A,298,04,4,Son blancos con fondo negro
02,70,A,298,06,4,Es bastante literal
02,70,A,298,13,4,Me parece bastante legible
02,70,A,298,17,4,"No hay incorrecciones, solo acento andaluz."
02,75,A,362,03,4,Centrada. Bien
02,75,A,362,04,4,Blanco sobre negro. Bien
02,77,A,380,01,4,"parece lo más lógica, parece que nuestro cerebro ya está acostumbrado a leerlo ahí"
02,77,A,380,02,4," es posible que, a veces sea mejor poner sólo una."
02,77,A,380,03,4,A veces es difícil conjugar espacio para que la letra sea legible y que no entorpezca la imagen
02,77,A,380,04,4,creo que es conveniente no utilizar mucho colorido
02,77,A,380,05,4,creo que conviene repasar los textos las veces que sea necesario
02,77,A,380,07,4,"Mejor identificarlos, incluso cuando es evidente, para que el usuario no se pueda equivocar"
02,77,A,380,10,4,"Creo que es lo que requiere más esfuerzo, supongo que será una cuestión de práctica"
02,77,A,380,12,4,creo que siempre hay que pensar en los destinatarios para que el diseño sea eficiente
02,77,A,380,13,4,creo que siempre hay que pensar en los destinatarios para que el diseño sea eficiente
02,77,A,380,16,4,"creo que es más estético, siempre que no se esté en un entorno científico o matemático"
02,83,A,509,04,4,Existe un buen contraste entre los caracteres y el fondo
02,83,A,509,13,4,La tipografía es legible
02,86,A,523,01,4,ES EL MISMO VIDEO QUE EL CASO 1
02,86,A,523,02,4,ES EL MISMO VIDEO DEL CASO 1
02,86,A,523,03,4,ES EL MISMO VIDEO DEL CASO 1
02,86,A,523,04,4,ES EL MISMO VIDEO DEL CASO 1
02,86,A,523,05,4,ES EL MISMO VIDEO DEL CASO 1
02,86,A,523,06,4,ES EL MISMO VIDEO DEL CASO 1
02,86,A,523,07,4,ES EL MISMO VIDEO DEL CASO 1
02,86,A,523,08,4,ES EL MISMO VIDEO DEL CASO 1
02,86,A,523,09,4,ES EL MISMO VIDEO DEL CASO 1
02,86,A,523,10,4,ES EL MISMO VIDEO DEL CASO 1
02,86,A,523,11,4,ES EL MISMO VIDEO DEL CASO 1
02,86,A,523,12,4,ES EL MISMO VIDEO DEL CASO 1
02,86,A,523,13,4,ES EL MISMO VIDEO DEL CASO 1
02,86,A,523,14,4,ES EL MISMO VIDEO DEL CASO 1
02,86,A,523,15,4,ES EL MISMO VIDEO DEL CASO 1
02,86,A,523,16,4,ES EL MISMO VIDEO DEL CASO 1
02,86,A,523,17,4,ES EL MISMO VIDEO DEL CASO 1
02,107,A,977,01,4,Estaba en el lugar correcto para que sea entendible
02,107,A,977,02,4,Parece correcto
02,107,A,977,04,4,Muy buen contraste
02,107,A,977,05,4,Es perfecto. Queda muy claro incluso cuando no se entiende bien el audio
02,107,A,977,06,4,"Creo que no es suficientemente literal, pero claro"
02,107,A,977,08,4,Me parece correcto
02,107,A,977,10,4,Es perfecto y sincrónica con el audio
02,107,A,977,11,4,Está en relación con la velocidad de audio
02,107,A,977,12,4,es compatible con las lineas e información entregada
02,107,A,977,13,4,Es una letra muy legible
02,107,A,977,14,4,Es muy entendible
02,110,A,1189,03,4,bien
02,110,A,1189,13,4,es clara
02,110,A,1189,17,4,los subtítulos deben ser fieles al dialogo
02,122,A,1126,04,4,Ok
02,123,A,1153,04,4,no he observado ninguna dificultad al leer el texto debido al contraste
02,123,A,1153,11,4,no he notado problemas en esto
02,123,A,1153,13,4,se lee muy bien
02,14,A,802,16,5,No he visto números
02,23,A,683,16,5,Creo que no hay números 
02,37,A,59,12,5,No recuerdo cuál es la recomendación del número máximo de caracteres por línea
02,48,A,338,16,5,No aplica.
02,75,A,362,10,5,"Con sinceridad, no lo aprecié"
02,75,A,362,12,5,No lo aprecié
02,75,A,362,15,5,No lo aprecié
02,75,A,362,16,5,No lo aprecié
02,88,A,536,10,5,No me dado cuenta.
02,88,A,536,14,5,No lo sé 
02,100,A,850,17,5,No sé a que se refiere la pregunta
02,110,A,1189,05,5,no he advertido nada raro
02,110,A,1189,08,5,no entiendo esta pregunta
02,110,A,1189,14,5,no entiendo la pregunta
02,110,A,1189,16,5,no me he fijado que hubiera números
02,123,A,1153,14,5,no me he fijado
02,123,A,1153,15,5,no me he fijado
02,123,A,1153,17,5,no lo entiendo
02,59,B,212,01,0,Se mueven por el espacio
02,10,B,650,11,1,Debe ser más lenta
02,10,B,650,15,1,Debe subtitularse todo el contenido orar
02,30,B,1018,07,1,No se identifica.
02,30,B,1018,09,1,No suena teléfono.
02,44,B,333,01,1,a
02,59,B,212,03,1,Les daría más espacio 
02,59,B,212,10,1,Estaban desincronizdados
02,72,B,320,01,1,cambian de sitio
02,72,B,320,02,1,a veces una o dos independientemente de su longitud
02,72,B,320,03,1,se mueve la caja y el texto y el criterio de longitud
02,72,B,320,07,1,con nombres apocopados y el mismo color de texto
02,72,B,320,08,1,misma linea
02,72,B,320,12,1,irregular
02,72,B,320,14,1,pero creo recordar que mejoraba respecto al video 1
02,72,B,320,15,1,continúan los puntos suspensivos.
02,87,B,535,09,1,Debería escribirse en mayúsculas
02,94,B,734,17,1,O
02,95,B,749,14,1,No se produce la separación de esos elementos en líneas diferentes
02,95,B,749,15,1,Se pone etc.
02,95,B,749,17,1,No se producen
02,108,B,986,03,1,Me sigue pareciendo que se deberían centrar en la vertical
02,10,B,650,14,2,Bien
02,12,B,411,16,2,No aparecen números 
02,30,B,1018,01,2,Bien.
02,30,B,1018,08,2,Mismo color.
02,30,B,1018,10,2,Correcto.
02,30,B,1018,13,2,Correcto.
02,30,B,1018,15,2,Bien.
02,30,B,1018,16,2,Correcto.
02,30,B,1018,17,2,Bien.
02,45,B,371,04,2,Sigue como antes.
02,45,B,371,07,2,"Los identifica como antes, entre parentesis, pero en diminutivo."
02,45,B,371,15,2,Correcta
02,59,B,212,16,2,No aparecen números
02,59,B,212,17,2,No existe incorrección en el habla
02,62,B,233,08,2,Parece correcta
02,62,B,233,12,2,No se si tiene que ir un número máximo por línea 
02,62,B,233,14,2,No he percibido esta cuestión
02,62,B,233,17,2,No he percibido incorrecciones en el habla
02,85,B,520,04,2,no hay mucho contraste
02,85,B,520,06,2,no se muy bien a que se refiere esto
02,85,B,520,15,2,solo he visto en una frase
02,85,B,520,16,2,creo que no hay
02,85,B,520,17,2,no he notado incorrecciones
02,108,B,986,17,2,no las he visto
02,109,B,1002,01,2,"Sigo pensando que en ocasiones está demasiado abajo, pero está mejor que en el anterior"
02,109,B,1002,16,2,No hay números
02,109,B,1002,17,2,No hay incorrecciones
02,113,B,1040,15,2,No los he visto
02,113,B,1040,16,2,No los he visto
02,113,B,1040,17,2,No las he visto
02,120,B,1167,15,2,No lo he apreciado
02,120,B,1167,16,2,No lo he apreciado
02,120,B,1167,17,2,No lo he apreciado
02,124,B,1174,16,2,No hay un uso de números
02,10,B,650,01,3,Se recomienda y lo veo bien
02,10,B,650,02,3,Me parece bien
02,10,B,650,03,3,Bien situado
02,10,B,650,04,3,Estoy de acuerdo
02,10,B,650,07,3,Es importante de cara a la diversidad visual y sensorial 
02,10,B,650,09,3,Supongo que para las personas no videntes será bueno
02,10,B,650,12,3,Es más fácil para leer
02,10,B,650,13,3,Debe ser con buena legibilidad
02,10,B,650,16,3,Forma parte de los diálogos creo debe ponerse 
02,10,B,650,17,3,"Si refleja el diálogo de los sujetos, si   "
02,12,B,411,01,3,Aunque me confunde la posición más alta  de algunos subtitulos del comienzo del vídeo.
02,18,B,728,04,3,Creo que el texto en amarillo se ve mejor.
02,18,B,728,07,3,Creo que utilizar color diferente para cada personaje puede ser un plus.
02,19,B,436,17,3,opcional
02,22,B,85,16,3,hay que ponerlos
02,26,B,1037,04,3,El contraste es bueno. Se podría mejorar poniendo el texto en amarillo.
02,27,B,33,01,3,"Me salen las dos primeras líneas más arriba pero creo que es problema del reproductor, que al darle al play se desplaza automáticamente hacía arriba"
02,27,B,33,02,3,"Máximo tres en un momento determinado, por tanto creo que es correcto"
02,27,B,33,03,3,Bien situado
02,27,B,33,04,3,"Blanco y negro, buen contraste fondo oscuro - letras claro"
02,27,B,33,05,3,Ahora sí que está bien
02,30,B,1018,02,3,Dos.
02,30,B,1018,03,3,Bien.
02,30,B,1018,05,3,Bien.
02,30,B,1018,06,3,Correcto.
02,30,B,1018,11,3,Bien.
02,30,B,1018,12,3,Bien.
02,30,B,1018,14,3,Mejor.
02,31,B,229,01,3,Los subtítulos están centrados y en la parte inferior de la pantalla.
02,31,B,229,02,3,Los subtítulos se encuentran como mucho en tres líneas.
02,31,B,229,03,3,La disposición del texto respecto de la caja es el adecuado. 
02,31,B,229,04,3,Buen contraste de la transcripción. Se distingue bien.
02,31,B,229,05,3,No se observan errores ortográficos.
02,31,B,229,06,3,Se transcriben literalmente los sonidos y el diálogo.
02,31,B,229,07,3,Buena identificación de los subtítulos con lo que habla cada personaje.
02,31,B,229,08,3,Cada personaje habla en una línea diferente.
02,31,B,229,09,3,Se describe el sonido del teléfono.
02,31,B,229,10,3,Buena sincronización entre los subtítulos y le vídeo.
02,31,B,229,11,3,Da tiempo a leer perfectamente. 
02,31,B,229,12,3,Máximo de número de caracteres por línea 37.
02,31,B,229,13,3,Letra adecuada. 
02,31,B,229,14,3,No hay separaciones incorrectas de palabras.
02,31,B,229,15,3,Correcta utilización de los puntos suspensivos.
02,31,B,229,16,3,"Cuando se refiere a ""una"" lo pone en letra."
02,31,B,229,17,3,No se transcriben.
02,45,B,371,03,3,Para mí es correcta.
02,45,B,371,06,3,"Ahora es literal. No cambia al ""OK"""
02,45,B,371,09,3,Marca el teléfono.
02,45,B,371,10,3,Sincronizado
02,45,B,371,11,3,Sincronizado
02,45,B,371,12,3,Está más equilibrado.
02,45,B,371,13,3,Correcta
02,45,B,371,14,3,YA no hay separaciones.
02,52,B,112,09,3,"se identifica como teléfono, pero sería mas descriptivo timbre del teléfono"
02,59,B,212,04,3,Se veían correctamente
02,59,B,212,05,3,Estaba corregida la ortografía
02,59,B,212,06,3,Era correcta
02,59,B,212,07,3,Estaba correcto
02,59,B,212,08,3,Se les asignaba su espacio a cada uno
02,59,B,212,09,3,Se han descrito los sonidos correctamente
02,59,B,212,11,3,Eran correctos
02,59,B,212,12,3,Se leían correctamente
02,59,B,212,13,3,La tipografía resultaba legible
02,59,B,212,14,3,Era correcto
02,59,B,212,15,3,Eran correctos
02,60,B,220,01,3,"excepto el primero, están donde se esperan"
02,61,B,231,08,3,"las iniciales, a nivel personal, me resultan algo confusas"
02,62,B,233,01,3,Me parecen que están centrados y no dificultan el ver la imagen
02,62,B,233,02,3,Más correcta que en el video anterior
02,62,B,233,03,3,La disposición del texto está mejor que en el video anterior
02,62,B,233,05,3,No he visto ninguna falta 
02,62,B,233,07,3,Expone a los personajes
02,62,B,233,09,3,Describe el efecto sonoro de la llamada
02,62,B,233,10,3,Está sincronizado con lo que se ve en pantalla
02,62,B,233,11,3,Van sincronizados y no te da la sensación de ir rápido
02,62,B,233,13,3,La tipología creo que es adecuada
02,62,B,233,15,3,No parece usar mucho los puntos suspensivos
02,62,B,233,16,3,No he visto ningún número
02,72,B,320,04,3,"blanco sobre negro, de acuerdo aunque los personajes podrían tener diferente color"
02,72,B,320,05,3,"no he visto errores, solo los puntos suspensivos"
02,72,B,320,06,3,literal
02,72,B,320,09,3,ring del teléfono escrito
02,72,B,320,10,3,bastante sincronizados
02,72,B,320,11,3,no he tenido problema
02,72,B,320,13,3,legible sin problema
02,72,B,320,16,3,no recuerdo números en el texto
02,72,B,320,17,3,no hay incorrecciones
02,79,B,440,09,3,"Tal vez se podría usar la onomatopeya del teléfono (ring, ring)"
02,85,B,520,01,3,"al principio los pone un poco altos, luego ya estan en la parte inferior"
02,85,B,520,03,3,esta centrado
02,85,B,520,05,3,no he percibido errores
02,87,B,535,01,3,En la parte inferior centrados
02,94,B,734,01,3,O
02,94,B,734,02,3,O
02,94,B,734,03,3,O
02,94,B,734,04,3,O
02,94,B,734,05,3,O
02,94,B,734,06,3,O
02,94,B,734,07,3,O
02,94,B,734,08,3,O
02,94,B,734,09,3,O
02,94,B,734,10,3,O
02,94,B,734,11,3,O
02,94,B,734,12,3,O
02,94,B,734,13,3,O
02,94,B,734,14,3,O
02,94,B,734,15,3,O
02,94,B,734,16,3,O
02,95,B,749,01,3,En la parte baja de la imagen y centrados
02,95,B,749,02,3,De dos a tres líneas máximo 
02,95,B,749,03,3,Ocupan toda la caja
02,95,B,749,04,3,Se ha oscurecido en fondo de la caja de subtitulado para conseguir mayor contraste
02,95,B,749,05,3,No hay errores
02,95,B,749,06,3,Se subtitula exactamente lo que se dice en el audio
02,95,B,749,07,3,Entre paréntesis y mayúsculas
02,95,B,749,08,3,Se usa una línea diferente para cada personaje 
02,95,B,749,09,3,Se identifican en los subtítulos los elementos sonoros
02,95,B,749,10,3,El subtítulo aparece al mismo tiempo que empieza a hablar la persona
02,95,B,749,11,3,Adecuada. El subtítulo no desaparece hasta que la persona que habla termina la frase
02,95,B,749,12,3,No más de 37
02,95,B,749,13,3,Es una letra sencilla
02,95,B,749,16,3,Hasta el número 10
02,96,B,765,01,3,Esta en la parte inferior centrado
02,96,B,765,04,3,"Letras blancas sobre fondo negro, lo que hace que resalte la letra y se vea bien"
02,96,B,765,05,3,no hay faltas ortográfcas como en el video anterior
02,96,B,765,06,3,se transcribe literalmente lo que se habla
02,96,B,765,07,3,Se nombra a las dos personas que hablan
02,96,B,765,09,3,se explica el sonido del telefono cuando este suena
02,96,B,765,10,3,va a la paz texto y lenguaje
02,96,B,765,11,3,"es correcta, da tiempo a leer lo escrito"
02,96,B,765,13,3,tipo de letra legible
02,99,B,819,03,3,interletrado con más separación
02,99,B,819,04,3,ambos con colores oscuros
02,99,B,819,12,3,"por la velocidad del orador, hay algunas líneas que están muy llenas"
02,99,B,819,15,3,Adecuada y proporcionada
02,99,B,819,16,3,"correcta, con la cifra, lo que hace más rápida su visualización"
02,108,B,986,01,3,aunque creo que deberían ir centrados en lugar de bajarse cuando es solo una linea...
02,108,B,986,02,3,Se cumple
02,108,B,986,10,3,igual que antes
02,108,B,986,11,3,ahora tienen más coherencia
02,108,B,986,12,3,ahora tienen más coherencia
02,108,B,986,15,3,igual
02,109,B,1002,02,3,en este video están mucho mejor
02,109,B,1002,03,3,El texto aparece mejor centrado
02,109,B,1002,04,3,"sigue estando bien, texto blanco sobre negro"
02,109,B,1002,05,3,Esta vez existe corrección gramatical
02,109,B,1002,06,3,La transcripción esta vez es correcta
02,109,B,1002,07,3,Están correctamente identificados
02,109,B,1002,08,3,correctamente asignados en lineas
02,109,B,1002,09,3,Esta vez sí se transcribe el sonido del teléfono
02,109,B,1002,10,3,Bien sincronizadas
02,109,B,1002,11,3,velocidad adecuada
02,109,B,1002,12,3,Se encuentran entre 12 y 37
02,109,B,1002,13,3,Me parece legible
02,109,B,1002,14,3,Están correctamente divididas
02,109,B,1002,15,3,Me parece justificable 
02,112,B,1023,16,3,ninguno
02,113,B,1040,07,3,"Bien pero echo en falta una identificación mejor: color, sin abreviaturas en los nombres"
02,113,B,1040,08,3,Correcta.
02,113,B,1040,09,3,Correcta
02,113,B,1040,12,3,Correcta.
02,113,B,1040,13,3,Correcta.
02,117,B,1217,01,3,La posición es correcta
02,117,B,1217,02,3,Dos líneas está bien.
02,117,B,1217,03,3,Se aprecian bien. 
02,117,B,1217,04,3,Un contraste en blanco y negro es suficiente. 
02,117,B,1217,05,3,Es buena. 
02,117,B,1217,06,3,Está correcta. 
02,117,B,1217,09,3,El efecto sonoro suena un poco estridente. 
02,117,B,1217,10,3,Es correcta. 
02,117,B,1217,11,3,Quizá un segundo más lenta estaría mejor. 
02,117,B,1217,12,3,Como se expone en el vídeo.
02,117,B,1217,13,3,Una buena legibilidad.
02,117,B,1217,14,3,Correctamente. 
02,117,B,1217,16,3,Cuando se precise. 
02,117,B,1217,17,3,Es necesaria. 
02,124,B,1174,06,3,Buena traducción de lo que dicen los locutores
02,124,B,1174,15,3,Buen uso de los puntos supensivos
02,127,B,1187,12,3,Los subtítulos mejoran mucho en comparación
02,10,B,650,05,4,Es importante la gramática y la ortografía 
02,10,B,650,10,4,Es importante   
02,24,B,901,01,4,Fallos corregidos
02,24,B,901,02,4,Fallos corregidos
02,24,B,901,03,4,Fallos corregidos
02,24,B,901,04,4,Fallos corregidos
02,24,B,901,05,4,Fallos corregidos
02,24,B,901,06,4,Fallos corregidos
02,24,B,901,07,4,Fallos corregidos
02,24,B,901,08,4,Fallos corregidos
02,24,B,901,09,4,Fallos corregidos
02,24,B,901,10,4,Fallos corregidos
02,24,B,901,11,4,Fallos corregidos
02,24,B,901,12,4,Fallos corregidos
02,24,B,901,13,4,Fallos corregidos
02,24,B,901,14,4,Fallos corregidos
02,24,B,901,15,4,Fallos corregidos
02,24,B,901,16,4,Fallos corregidos
02,24,B,901,17,4,Fallos corregidos
02,26,B,1037,01,4,Aparecen centrados siempre en la parte central inferior de la pantalla
02,26,B,1037,02,4,No se superan las dos líneas en ningún momento.
02,26,B,1037,03,4,Está centrada.
02,26,B,1037,05,4,No se han detectado faltas de ortografía ni gramaticales.
02,26,B,1037,06,4,Los subtítulos reflejan la locución de manera literal.
02,26,B,1037,07,4,Se identifican entre paréntesis y en mayúsculas.
02,26,B,1037,08,4,Cada personaje inicia el diálogo en una nueva línea.
02,26,B,1037,09,4,"Se describe el sonido del teléfono, entre paréntesis, con la primera letra en mayúscula y el resto en minúsculas."
02,26,B,1037,10,4,Está sincronizado.
02,26,B,1037,11,4,Es adecuada para su lectura y comprensión.
02,26,B,1037,12,4,No se superan los 37 caracteres por línea
02,26,B,1037,13,4,El tipo de letra y su tamaño la hacen muy legible
02,26,B,1037,14,4,No hay separaciones incorrectas
02,26,B,1037,15,4,Se utilizan correctamente
02,28,B,264,02,4,Sólo se utilizan dos líneas
02,28,B,264,05,4,No hay faltas de ortografía
02,28,B,264,06,4,No hay sustituciones
02,28,B,264,09,4,Se indica que suena el teléfono
02,28,B,264,14,4,No hay divisiónde silabas y se respetan los sintagmas
02,30,B,1018,04,4,Buen contraste.
02,35,B,1118,01,4,Parte inferior y centrados. 
02,35,B,1118,02,4,2 líneas.
02,35,B,1118,03,4,Me parece muy correcto.
02,35,B,1118,04,4,"De nuevo, el blanco es muy adecuado por su contraste. "
02,35,B,1118,05,4,No hay errores. 
02,35,B,1118,06,4,100% literal. 
02,35,B,1118,07,4,Bien identificados durante todo el diálogo. 
02,35,B,1118,08,4,Muy bien organizada. 
02,35,B,1118,09,4,Ahora aparece el teléfono. 
02,35,B,1118,10,4,Muy bien sincronizado. 
02,35,B,1118,11,4,Da tiempo de sobra. 
02,35,B,1118,12,4,No hay líneas excesivamente pobladas. 
02,35,B,1118,13,4,Muy legible. 
02,35,B,1118,14,4,A priori me parece correcto. 
02,35,B,1118,15,4,Justo se usan cuando el personaje hace una pausa algo prolongada. 
02,35,B,1118,17,4,Me parece ciertamente correcta. 
02,45,B,371,01,4,Ya no varía de sitio y está situada en un lugar de facil acceso visual.
02,45,B,371,02,4,Ya no varía. Se mantiene entre 1 y 2 según necesidades.
02,45,B,371,05,4,YA no hay errores  garrafales.
02,45,B,371,08,4,Mejora que a cada uno le corresponde su línea. Separada del otro.
02,52,B,112,01,4,centrado en la parte inferior de la pantalla
02,52,B,112,02,4,2 líneas
02,52,B,112,03,4,centrado respecto a la caja y con buen contraste
02,52,B,112,04,4,texto blanco sobre fondo negro
02,52,B,112,05,4,correcta
02,52,B,112,06,4,transcripción literal
02,52,B,112,07,4,cuando aparece el 2º personaje se identifican ambos con sus acrónimos
02,52,B,112,08,4,respetando la línea de texto de cada personaje
02,52,B,112,10,4,sincronizadas con el audio y la imagen
02,52,B,112,11,4,velocidad apropiada
02,52,B,112,12,4,no se sobrepasa el límite 
02,52,B,112,13,4,correcta
02,52,B,112,14,4,correcto
02,52,B,112,15,4,correcto
02,52,B,112,16,4,correcto
02,52,B,112,17,4,no afectan
02,59,B,212,02,4,Ocupaban 2 líneas y es correcto
02,62,B,233,04,4,Se entienden correctamente las letras
02,62,B,233,06,4,Es literal 
02,79,B,440,01,4,Centrada
02,79,B,440,02,4,Máximo 3 líneas
02,79,B,440,04,4,Blanco o amarillo sobre fondo oscuro
02,79,B,440,05,4,No hay faltas gramaticales
02,79,B,440,06,4,Es literal
02,85,B,520,02,4,"bien, porque usa como máximo tres "
02,85,B,520,07,4,"estan bien identificados, entre paréntesis"
02,85,B,520,09,4,"cuando suena el teléfono, sique está reflejado"
02,85,B,520,10,4,creo que esta bien sincronizada la locución con la entrada del subtitulo
02,85,B,520,13,4,creo que se lee bien cada subtitulo
02,96,B,765,02,4,Únicamente hay una o dos líneas de subtitulos
02,98,B,808,01,4,Muy de acuerdo
02,98,B,808,02,4,Muy de acuerdo
02,98,B,808,03,4,Muy de acuerdo
02,98,B,808,04,4,Muy de acuerdo
02,98,B,808,05,4,Muy de acuerdo
02,98,B,808,06,4,Muy de acuerdo
02,98,B,808,07,4,Muy de acuerdo
02,98,B,808,08,4,Muy de acuerdo
02,98,B,808,09,4,Muy de acuerdo
02,98,B,808,10,4,Muy de acuerdo
02,98,B,808,11,4,Muy de acuerdo
02,98,B,808,12,4,Muy de acuerdo
02,98,B,808,13,4,Muy de acuerdo
02,98,B,808,14,4,Muy de acuerdo
02,98,B,808,15,4,Muy de acuerdo
02,98,B,808,16,4,Muy de acuerdo
02,98,B,808,17,4,Muy de acuerdo
02,99,B,819,01,4,centrados
02,99,B,819,02,4,máximo recomendado
02,99,B,819,05,4,no hay faltas de ortografía 
02,99,B,819,06,4,Se integra tanto el diálogo como otros elementos del vídeo
02,99,B,819,07,4,identificados en el diálogo
02,99,B,819,08,4,se separan e identifican convenientemente cambiando de línea
02,99,B,819,09,4,se identifican con paréntesis
02,99,B,819,10,4,se puede leer en el texto y ver en el vídeo la sincronización
02,99,B,819,11,4,acorde con el vídeo
02,99,B,819,13,4,letra con tipografía simple y clara
02,99,B,819,14,4,Se comprende bien el texto con esa separación
02,101,B,871,01,4,correcto
02,108,B,986,04,4,ya era correcto antes
02,108,B,986,05,4,ahora sí es correcto
02,108,B,986,06,4,ahora sí es correcto
02,108,B,986,07,4,ahora sí es correcto
02,108,B,986,08,4,ahora sí es correcto
02,108,B,986,09,4,ahora sí es correcto
02,108,B,986,13,4,igual que antes
02,108,B,986,14,4,corregido
02,113,B,1040,01,4,A la misma altura y no interfieren en su visualización
02,113,B,1040,02,4,correcto en dos líneas.
02,113,B,1040,03,4,"Centrado, muy bien"
02,113,B,1040,04,4,"Buen contraste, se lee bien."
02,113,B,1040,05,4,No he observado nada extraño.
02,113,B,1040,06,4,Buena transcripción de lo hablado.
02,113,B,1040,10,4,Buena sincronización
02,113,B,1040,11,4,Apropiada.
02,113,B,1040,14,4,Correcta
02,117,B,1217,07,4,Se identifican de manera correcta. 
02,117,B,1217,08,4,Las líneas son correctas y se aprecian bien.
02,117,B,1217,15,4,Cuando se precise. 
02,120,B,1167,01,4,Bajo y centrado
02,120,B,1167,02,4,Pocas 
02,120,B,1167,03,4,Bajo y centrado
02,120,B,1167,04,4,Se veía perfectamente
02,120,B,1167,05,4,Correcta
02,120,B,1167,06,4,Correcta
02,120,B,1167,07,4,Completa
02,120,B,1167,08,4,Perfect!
02,120,B,1167,09,4,Ring
02,120,B,1167,10,4,Correcta
02,120,B,1167,11,4,Se seguía con comodidad
02,120,B,1167,12,4,Correcto
02,120,B,1167,13,4,Fácil de seguir
02,120,B,1167,14,4,Se seguía con comodidad
02,124,B,1174,01,4,Muy buena colocación de los subtítulos
02,124,B,1174,02,4,Uso correcto de las líneas máximas
02,124,B,1174,03,4,El texto bien encuadrado en la caja de subtítulos
02,124,B,1174,04,4,Buen contraste con el fondo de la imagen
02,124,B,1174,05,4,"Buena ortografia, sin faltas"
02,124,B,1174,07,4,Bien identificados los dos ponentes
02,124,B,1174,08,4,Bien separadas las líneas entre personajes
02,124,B,1174,09,4,Buena descripción del sonido del telefono. 
02,124,B,1174,10,4,Buena sincronización entre el texto y el audio
02,124,B,1174,11,4,Velocidad adequada para una buena lectura
02,124,B,1174,12,4,Buena elección de los caracteres máximos
02,124,B,1174,13,4,Buena tipologia de letra
02,124,B,1174,17,4,No se notan las incorrecciones del habla en los substítulos
02,127,B,1187,01,4,Los subtítulos mejoran mucho en comparación
02,127,B,1187,02,4,Los subtítulos mejoran mucho en comparación
02,127,B,1187,03,4,Los subtítulos mejoran mucho en comparación
02,127,B,1187,04,4,Los subtítulos mejoran mucho en comparación
02,127,B,1187,05,4,Los subtítulos mejoran mucho en comparación
02,127,B,1187,06,4,Los subtítulos mejoran mucho en comparación
02,127,B,1187,07,4,Los subtítulos mejoran mucho en comparación
02,127,B,1187,08,4,Los subtítulos mejoran mucho en comparación
02,127,B,1187,09,4,Los subtítulos mejoran mucho en comparación
02,127,B,1187,10,4,Los subtítulos mejoran mucho en comparación
02,127,B,1187,11,4,Los subtítulos mejoran mucho en comparación
02,127,B,1187,13,4,Los subtítulos mejoran mucho en comparación
02,26,B,1037,16,5,No hay números en el vídeo
02,26,B,1037,17,5,No hay incorrecciones en el video
02,35,B,1118,16,5,No me he fijado. 
02,61,B,231,06,5,no pude escuchar el audio por un problema con el PC
02,73,B,346,17,5,no lo se
02,99,B,819,17,5,No he observado
02,108,B,986,16,5,no hay
02,124,B,1174,14,5,No sé
